post_id,publication_title,publication_date,category,section,chapter_title,authors,page_range,download_url,document_type,pdf_path,html_index,text_path,pdf_pages,html_page_count,text_chars,error
1884,第38期,2026-03,法學期刊,「資料治理與以資料進行治理」專號,論預測性警務在危害防止與個人資料保護領域之法律問題,謝碩駿,1-102,https://publication.iias.sinica.edu.tw/23626162.pdf,pdf,pdf/1884_01_謝碩駿_論預測性警務在危害防止與個人資料保護領域之法律問題.pdf,,pdf_text/1884_01_謝碩駿_論預測性警務在危害防止與個人資料保護領域之法律問題.txt,102,,122549,
1884,第38期,2026-03,法學期刊,研究論文,促進創新之反托拉斯法執法 —理論建構與臺灣實務評析,顏雅倫,103-194,https://publication.iias.sinica.edu.tw/65011062.pdf,pdf,pdf/1884_02_顏雅倫_促進創新之反托拉斯法執法 —理論建構與臺灣實務評析.pdf,,pdf_text/1884_02_顏雅倫_促進創新之反托拉斯法執法 —理論建構與臺灣實務評析.txt,92,,109658,
1884,第38期,2026-03,法學期刊,研究論文,美洲人權法院與「合公約性審查」體制之建構 —全球南方法學之實踐,翁燕菁,195-243,https://publication.iias.sinica.edu.tw/25501162.pdf,pdf,pdf/1884_03_翁燕菁_美洲人權法院與「合公約性審查」體制之建構 —全球南方法學之實踐.pdf,,pdf_text/1884_03_翁燕菁_美洲人權法院與「合公約性審查」體制之建構 —全球南方法學之實踐.txt,49,,62817,
1829,憲法解釋之理論與實務（第12輯）,2025-09,法學叢書,,主編序,蘇彥圖,i-ii,https://publication.iias.sinica.edu.tw/constitution12_CH01.pdf,pdf,pdf/1829_01_蘇彥圖_主編序.pdf,,pdf_text/1829_01_蘇彥圖_主編序.txt,2,,1708,
1829,憲法解釋之理論與實務（第12輯）,2025-09,法學叢書,,Judges’ Conscience and Constitutional Reasoning,長谷部恭男,1-28,https://publication.iias.sinica.edu.tw/61719042.pdf,pdf,pdf/1829_02_長谷部恭男_Judges’ Conscience and Constitutional Reasoning.pdf,,pdf_text/1829_02_長谷部恭男_Judges’ Conscience and Constitutional Reasoning.txt,28,,55843,
1829,憲法解釋之理論與實務（第12輯）,2025-09,法學叢書,,法官的良心與憲法推理,長谷部恭男 翻譯 堯嘉寧 審定 黃丞儀,29-53,https://publication.iias.sinica.edu.tw/61819042.pdf,pdf,pdf/1829_03_長谷部恭男_堯嘉寧_黃丞儀_法官的良心與憲法推理.pdf,,pdf_text/1829_03_長谷部恭男_堯嘉寧_黃丞儀_法官的良心與憲法推理.txt,25,,26987,
1829,憲法解釋之理論與實務（第12輯）,2025-09,法學叢書,,「越參與越民主？」 —論20世紀德國憲法理論對代議民主之分析,鍾芳樺,55-105,https://publication.iias.sinica.edu.tw/81014042.pdf,pdf,pdf/1829_04_鍾芳樺_「越參與越民主？」 —論20世紀德國憲法理論對代議民主之分析.pdf,,pdf_text/1829_04_鍾芳樺_「越參與越民主？」 —論20世紀德國憲法理論對代議民主之分析.txt,51,,71460,
1829,憲法解釋之理論與實務（第12輯）,2025-09,法學叢書,,70年德國防衛民主與憲法保護 —後民主時代新挑戰下的省思與再起,林佳和,107-185,https://publication.iias.sinica.edu.tw/65320142.pdf,pdf,pdf/1829_05_林佳和_70年德國防衛民主與憲法保護 —後民主時代新挑戰下的省思與再起.pdf,,pdf_text/1829_05_林佳和_70年德國防衛民主與憲法保護 —後民主時代新挑戰下的省思與再起.txt,79,,100016,
1829,憲法解釋之理論與實務（第12輯）,2025-09,法學叢書,,科技正當法律程序的憲法意涵 —美國判決與學說發展的檢視,劉靜怡,187-235,https://publication.iias.sinica.edu.tw/51716032.pdf,pdf,pdf/1829_06_劉靜怡_科技正當法律程序的憲法意涵 —美國判決與學說發展的檢視.pdf,,pdf_text/1829_06_劉靜怡_科技正當法律程序的憲法意涵 —美國判決與學說發展的檢視.txt,49,,55257,
1829,憲法解釋之理論與實務（第12輯）,2025-09,法學叢書,,新興溝通科技與言論自由 —可能之定位暨思維,許炳華,237-302,https://publication.iias.sinica.edu.tw/60724142.pdf,pdf,pdf/1829_07_許炳華_新興溝通科技與言論自由 —可能之定位暨思維.pdf,,pdf_text/1829_07_許炳華_新興溝通科技與言論自由 —可能之定位暨思維.txt,66,,80794,
1829,憲法解釋之理論與實務（第12輯）,2025-09,法學叢書,,論智慧醫療與商業言論自由保障,李崇僖,303-325,https://publication.iias.sinica.edu.tw/20712042.pdf,pdf,pdf/1829_08_李崇僖_論智慧醫療與商業言論自由保障.pdf,,pdf_text/1829_08_李崇僖_論智慧醫療與商業言論自由保障.txt,23,,20411,
1829,憲法解釋之理論與實務（第12輯）,2025-09,法學叢書,,憲法基本權發展與原住民族狩獵文化（初稿）,林淑雅,327-341,https://publication.iias.sinica.edu.tw/82618042.pdf,pdf,pdf/1829_09_林淑雅_憲法基本權發展與原住民族狩獵文化（初稿）.pdf,,pdf_text/1829_09_林淑雅_憲法基本權發展與原住民族狩獵文化（初稿）.txt,15,,14953,
1829,憲法解釋之理論與實務（第12輯）,2025-09,法學叢書,,認真對待大法官解釋 —論大法官解釋之落實,林建志,343-413,https://publication.iias.sinica.edu.tw/71217042.pdf,pdf,pdf/1829_10_林建志_認真對待大法官解釋 —論大法官解釋之落實.pdf,,pdf_text/1829_10_林建志_認真對待大法官解釋 —論大法官解釋之落實.txt,71,,78632,
1829,憲法解釋之理論與實務（第12輯）,2025-09,法學叢書,,定期生效解釋於屆期前之效力 —以司法院大法官就民法未保障同性婚姻宣告違憲為例,陳偉仁,415-510,https://publication.iias.sinica.edu.tw/02413042.pdf,pdf,pdf/1829_11_陳偉仁_定期生效解釋於屆期前之效力 —以司法院大法官就民法未保障同性婚姻宣告違憲為例.pdf,,pdf_text/1829_11_陳偉仁_定期生效解釋於屆期前之效力 —以司法院大法官就民法未保障同性婚姻宣告違憲為例.txt,96,,107967,
1829,憲法解釋之理論與實務（第12輯）,2025-09,法學叢書,,統一解釋法律之權限行使及其分權 —從最高行政法院大法庭及司法院大法官之角度談起,陳宗憶,511-582,https://publication.iias.sinica.edu.tw/11513042.pdf,pdf,pdf/1829_12_陳宗憶_統一解釋法律之權限行使及其分權 —從最高行政法院大法庭及司法院大法官之角度談起.pdf,,pdf_text/1829_12_陳宗憶_統一解釋法律之權限行使及其分權 —從最高行政法院大法庭及司法院大法官之角度談起.txt,72,,73310,
1825,第37期,2025-09,法學期刊,,出刊辭,,,https://publication.iias.sinica.edu.tw/journal37ch00.pdf,pdf,pdf/1825_01_untitled_出刊辭.pdf,,pdf_text/1825_01_untitled_出刊辭.txt,2,,1082,
1825,第37期,2025-09,法學期刊,「資料治理與以資料進行治理」專號,主題演說：德國的政府資訊二次利用,Matthias Bäcker,1-26,https://publication.iias.sinica.edu.tw/31906052.pdf,pdf,pdf/1825_02_Matthias_Bäcker_主題演說：德國的政府資訊二次利用.pdf,,pdf_text/1825_02_Matthias_Bäcker_主題演說：德國的政府資訊二次利用.txt,26,,48429,
1825,第37期,2025-09,法學期刊,「資料治理與以資料進行治理」專號,智慧政府資料驅動決策的法治挑戰 —以「模仿型」及「相關性發掘型」人工智慧系統為例,邱文聰,27-97,https://publication.iias.sinica.edu.tw/12014052.pdf,pdf,pdf/1825_03_邱文聰_智慧政府資料驅動決策的法治挑戰 —以「模仿型」及「相關性發掘型」人工智慧系統為例.pdf,,pdf_text/1825_03_邱文聰_智慧政府資料驅動決策的法治挑戰 —以「模仿型」及「相關性發掘型」人工智慧系統為例.txt,71,,79059,
1825,第37期,2025-09,法學期刊,研究論文,健保資料庫案後的健康資料再利用法制 —歐盟法制及英國經驗對我國之啟發,翁逸泓,99-183,https://publication.iias.sinica.edu.tw/42718052.pdf,pdf,pdf/1825_04_翁逸泓_健保資料庫案後的健康資料再利用法制 —歐盟法制及英國經驗對我國之啟發.pdf,,pdf_text/1825_04_翁逸泓_健保資料庫案後的健康資料再利用法制 —歐盟法制及英國經驗對我國之啟發.txt,85,,102219,
1825,第37期,2025-09,法學期刊,薪傳論文,重塑臺灣主權問題 —國際法論述的變遷與競逐（1945-1979）,廖柏翔,185-272,https://publication.iias.sinica.edu.tw/22717052.pdf,pdf,pdf/1825_05_廖柏翔_重塑臺灣主權問題 —國際法論述的變遷與競逐（1945-1979）.pdf,,pdf_text/1825_05_廖柏翔_重塑臺灣主權問題 —國際法論述的變遷與競逐（1945-1979）.txt,88,,115742,
1825,第37期,2025-09,法學期刊,,◎ 本刊第32期之勘誤表,,273,https://publication.iias.sinica.edu.tw/03119052.pdf,pdf,pdf/1825_06_untitled_◎ 本刊第32期之勘誤表.pdf,,pdf_text/1825_06_untitled_◎ 本刊第32期之勘誤表.txt,1,,229,
1811,2021行政管制與行政爭訟 防疫與法治,2025-07,法學叢書,,,主編序 王必芳,i,,,,,,,,,
1811,2021行政管制與行政爭訟 防疫與法治,2025-07,法學叢書,研究論文,新冠肺炎對民主法治國之挑戰及其回應 —以疫情緊急應變機制為觀察重心,李東穎,1-84,https://publication.iias.sinica.edu.tw/81015152.pdf,pdf,pdf/1811_02_李東穎_新冠肺炎對民主法治國之挑戰及其回應 —以疫情緊急應變機制為觀察重心.pdf,,pdf_text/1811_02_李東穎_新冠肺炎對民主法治國之挑戰及其回應 —以疫情緊急應變機制為觀察重心.txt,84,,91234,
1811,2021行政管制與行政爭訟 防疫與法治,2025-07,法學叢書,研究論文,COVID-19傳染病防治下之新權力分立關係 —以檢視管轄權與行政法院審查態度為中心,吳秦雯,85-136,https://publication.iias.sinica.edu.tw/82013052.pdf,pdf,pdf/1811_03_吳秦雯_COVID-19傳染病防治下之新權力分立關係 —以檢視管轄權與行政法院審查態度為中心.pdf,,pdf_text/1811_03_吳秦雯_COVID-19傳染病防治下之新權力分立關係 —以檢視管轄權與行政法院審查態度為中心.txt,52,,47030,
1811,2021行政管制與行政爭訟 防疫與法治,2025-07,法學叢書,研究論文,疫情時刻的法治國健檢 —從憲法觀點反思我國在COVID-19疫情中的防疫舉措,陳陽升,137-200,https://publication.iias.sinica.edu.tw/02518042.pdf,pdf,pdf/1811_04_陳陽升_疫情時刻的法治國健檢 —從憲法觀點反思我國在COVID-19疫情中的防疫舉措.pdf,,pdf_text/1811_04_陳陽升_疫情時刻的法治國健檢 —從憲法觀點反思我國在COVID-19疫情中的防疫舉措.txt,64,,72206,
1811,2021行政管制與行政爭訟 防疫與法治,2025-07,法學叢書,研究論文,傳染病疫情期間蒐集個人資料以利追蹤接觸者 相關法律問題探討 —從德國COVID-19疫情期間兩則判決談起,林昱梅,201-230,https://publication.iias.sinica.edu.tw/01324142.pdf,pdf,pdf/1811_05_林昱梅_傳染病疫情期間蒐集個人資料以利追蹤接觸者 相關法律問題探討 —從德國COVID-19疫情期間兩則判決談起.pdf,,pdf_text/1811_05_林昱梅_傳染病疫情期間蒐集個人資料以利追蹤接觸者 相關法律問題探討 —從德國COVID-19疫情期間兩則判決談起.txt,30,,28821,
1811,2021行政管制與行政爭訟 防疫與法治,2025-07,法學叢書,研究論文,基於防疫目的之預防性個人資料運用 —以實聯制為例,李寧修,231-280,https://publication.iias.sinica.edu.tw/70901042.pdf,pdf,pdf/1811_06_李寧修_基於防疫目的之預防性個人資料運用 —以實聯制為例.pdf,,pdf_text/1811_06_李寧修_基於防疫目的之預防性個人資料運用 —以實聯制為例.txt,50,,51255,
1811,2021行政管制與行政爭訟 防疫與法治,2025-07,法學叢書,研究論文,Covid-19疫情下的風險溝通與公共問責 —三級警戒期間我國政府每日防疫記者會記者提問之主題分析,梁志鳴、陳思安、李韶曼、蔡君宜,281-341,https://publication.iias.sinica.edu.tw/96517152.pdf,pdf,pdf/1811_07_梁志鳴_陳思安_李韶曼_蔡君宜_Covid-19疫情下的風險溝通與公共問責 —三級警戒期間我國政府每日防疫記者會記者提問之主題分析.pdf,,pdf_text/1811_07_梁志鳴_陳思安_李韶曼_蔡君宜_Covid-19疫情下的風險溝通與公共問責 —三級警戒期間我國政府每日防疫記者會記者提問之主題分析.txt,61,,57816,
1787,第36期,2025-03,法學期刊,研究論文,歐盟《人工智慧法》之制度設計、規範內涵與治理侷限,林勤富,1-119,https://publication.iias.sinica.edu.tw/54321142.pdf,pdf,pdf/1787_01_林勤富_歐盟《人工智慧法》之制度設計、規範內涵與治理侷限.pdf,,pdf_text/1787_01_林勤富_歐盟《人工智慧法》之制度設計、規範內涵與治理侷限.txt,119,,171467,
1787,第36期,2025-03,法學期刊,研究論文,臺灣暫時性移工制度是否違反國家消除強迫勞動之人權義務? — 以不自由勞動概念檢視國際及本土實踐,楊雅雯,121-213,https://publication.iias.sinica.edu.tw/03115152.pdf,pdf,pdf/1787_02_楊雅雯_臺灣暫時性移工制度是否違反國家消除強迫勞動之人權義務 — 以不自由勞動概念檢視國際及本土實踐.pdf,,pdf_text/1787_02_楊雅雯_臺灣暫時性移工制度是否違反國家消除強迫勞動之人權義務 — 以不自由勞動概念檢視國際及本土實踐.txt,93,,117092,
1787,第36期,2025-03,法學期刊,研究論文,公權力機關對宗教自由之「非故意的不敏感」 —我國相關案例與社會文化脈絡,林榮光,215-286,https://publication.iias.sinica.edu.tw/42706152.pdf,pdf,pdf/1787_03_林榮光_公權力機關對宗教自由之「非故意的不敏感」 —我國相關案例與社會文化脈絡.pdf,,pdf_text/1787_03_林榮光_公權力機關對宗教自由之「非故意的不敏感」 —我國相關案例與社會文化脈絡.txt,72,,76297,
1787,第36期,2025-03,法學期刊,研究論文,初探臺灣原住民族刑事文化抗辯的適用與意義 —以花蓮地方法院實證研究為起點,范耕維、林俊儒,287-394,https://publication.iias.sinica.edu.tw/03805152.pdf,pdf,pdf/1787_04_范耕維_林俊儒_初探臺灣原住民族刑事文化抗辯的適用與意義 —以花蓮地方法院實證研究為起點.pdf,,pdf_text/1787_04_范耕維_林俊儒_初探臺灣原住民族刑事文化抗辯的適用與意義 —以花蓮地方法院實證研究為起點.txt,108,,99847,
1715,第35期,2024-09,法學期刊,研究論文,法律解殖之路 — 原住民族的主權敘事重構與法律多元轉向,王曉丹,1-67,https://publication.iias.sinica.edu.tw/01217042.pdf,pdf,pdf/1715_01_王曉丹_法律解殖之路 — 原住民族的主權敘事重構與法律多元轉向.pdf,,pdf_text/1715_01_王曉丹_法律解殖之路 — 原住民族的主權敘事重構與法律多元轉向.txt,67,,74467,
1715,第35期,2024-09,法學期刊,研究論文,依附環境法發展的氣候訴訟與有限的司法對話 —臺灣氣候訴訟的分析研究（2002-2022）,林春元,69-134,https://publication.iias.sinica.edu.tw/30016042.pdf,pdf,pdf/1715_02_林春元_依附環境法發展的氣候訴訟與有限的司法對話 —臺灣氣候訴訟的分析研究（2002-2022）.pdf,,pdf_text/1715_02_林春元_依附環境法發展的氣候訴訟與有限的司法對話 —臺灣氣候訴訟的分析研究（2002-2022）.txt,66,,66844,
1715,第35期,2024-09,法學期刊,薪傳論文,刑事審判事實認定 —共識事實下的認定客體與評價策略,游鈞量,135-212,https://publication.iias.sinica.edu.tw/40017042.pdf,pdf,pdf/1715_03_游鈞量_刑事審判事實認定 —共識事實下的認定客體與評價策略.pdf,,pdf_text/1715_03_游鈞量_刑事審判事實認定 —共識事實下的認定客體與評價策略.txt,78,,82310,
1715,第35期,2024-09,法學期刊,薪傳論文,反實體的科學性認識演化之路 —論Hans Kelsen的國家學與法科學,林允中,213-275,https://publication.iias.sinica.edu.tw/41616042.pdf,pdf,pdf/1715_04_林允中_反實體的科學性認識演化之路 —論Hans Kelsen的國家學與法科學.pdf,,pdf_text/1715_04_林允中_反實體的科學性認識演化之路 —論Hans Kelsen的國家學與法科學.txt,63,,82662,
1660,第34期,2024-03,法學期刊,,出刊辭,,,https://publication.iias.sinica.edu.tw/journal34ch00.pdf,pdf,pdf/1660_01_untitled_出刊辭.pdf,,pdf_text/1660_01_untitled_出刊辭.txt,2,,779,
1660,第34期,2024-03,法學期刊,,基本權利的憲法論辯 —憲法解釋的限制與突破,葉俊榮,1-39,https://publication.iias.sinica.edu.tw/62511042.pdf,pdf,pdf/1660_02_葉俊榮_基本權利的憲法論辯 —憲法解釋的限制與突破.pdf,,pdf_text/1660_02_葉俊榮_基本權利的憲法論辯 —憲法解釋的限制與突破.txt,39,,36679,
1660,第34期,2024-03,法學期刊,研究論文,The Price of Autonomy: Liability Standards for Complementary and Substitutive Medical Robotics and Artificial Intelligence （自主權的代價 —輔助性與替代性醫療機器人和人工智慧技術的侵權責任標準 ）,Frank Pasquale,41-80,https://publication.iias.sinica.edu.tw/40306142.pdf,pdf,pdf/1660_03_Frank_Pasquale_The Price of Autonomy： Liability Standards for Complementary and Substitutive Medical Robotics and A.pdf,,pdf_text/1660_03_Frank_Pasquale_The Price of Autonomy： Liability Standards for Complementary and Substitutive Medical Robotics and A.txt,40,,84798,
1660,第34期,2024-03,法學期刊,研究論文,比較法作為雙重因果推理 —以修正民事訴訟法影響和解率的實證研究為例,張永健,81-152,https://publication.iias.sinica.edu.tw/50305142.pdf,pdf,pdf/1660_04_張永健_比較法作為雙重因果推理 —以修正民事訴訟法影響和解率的實證研究為例.pdf,,pdf_text/1660_04_張永健_比較法作為雙重因果推理 —以修正民事訴訟法影響和解率的實證研究為例.txt,72,,69822,
1660,第34期,2024-03,法學期刊,薪傳論文,論哈伯瑪斯道德與法律之間的關係 ─以法律與民主法治國論辯理論為核心,蘇柏榮,153-218,https://publication.iias.sinica.edu.tw/91212042.pdf,pdf,pdf/1660_05_蘇柏榮_論哈伯瑪斯道德與法律之間的關係 ─以法律與民主法治國論辯理論為核心.pdf,,pdf_text/1660_05_蘇柏榮_論哈伯瑪斯道德與法律之間的關係 ─以法律與民主法治國論辯理論為核心.txt,66,,98389,
1660,第34期,2024-03,法學期刊,專書論壇,成文法與不成文法概念及用語的檢討和對策 ─兼對書評的回應,王泰升,219-252,https://publication.iias.sinica.edu.tw/20410142.pdf,pdf,pdf/1660_06_王泰升_成文法與不成文法概念及用語的檢討和對策 ─兼對書評的回應.pdf,,pdf_text/1660_06_王泰升_成文法與不成文法概念及用語的檢討和對策 ─兼對書評的回應.txt,34,,30358,
1660,第34期,2024-03,法學期刊,,本刊第33期之作者更正聲明,,253,https://publication.iias.sinica.edu.tw/40110132.pdf,pdf,pdf/1660_07_untitled_本刊第33期之作者更正聲明.pdf,,pdf_text/1660_07_untitled_本刊第33期之作者更正聲明.txt,1,,425,
1633,2019行政管制與行政爭訟 國家責任與保護義務,2023-12,法學叢書,,主編序,王必芳,i,,,,,,,,,
1633,2019行政管制與行政爭訟 國家責任與保護義務,2023-12,法學叢書,研究論文,論國家賠償責任的歸責原則 —以法國「公共服務過錯」責任為中心,王必芳,1-80,https://publication.iias.sinica.edu.tw/50710132.pdf,pdf,pdf/1633_02_王必芳_論國家賠償責任的歸責原則 —以法國「公共服務過錯」責任為中心.pdf,,pdf_text/1633_02_王必芳_論國家賠償責任的歸責原則 —以法國「公共服務過錯」責任為中心.txt,80,,91513,
1633,2019行政管制與行政爭訟 國家責任與保護義務,2023-12,法學叢書,研究論文,法院如何確立國家對氣候變遷之保護義務？ —簡述荷蘭 Urgenda v. The Netherlands 案之一、二審判決,李仲軒,81-105,https://publication.iias.sinica.edu.tw/60610132.pdf,pdf,pdf/1633_03_李仲軒_法院如何確立國家對氣候變遷之保護義務？ —簡述荷蘭 Urgenda v. The Netherlands 案之一、二審判決.pdf,,pdf_text/1633_03_李仲軒_法院如何確立國家對氣候變遷之保護義務？ —簡述荷蘭 Urgenda v. The Netherlands 案之一、二審判決.txt,25,,26372,
1633,2019行政管制與行政爭訟 國家責任與保護義務,2023-12,法學叢書,研究論文,歐洲人權法下國家應對氣候變遷的積極義務 —以荷蘭 Urgenda 一案為例,李仲軒,107-154,https://publication.iias.sinica.edu.tw/70610132.pdf,pdf,pdf/1633_04_李仲軒_歐洲人權法下國家應對氣候變遷的積極義務 —以荷蘭 Urgenda 一案為例.pdf,,pdf_text/1633_04_李仲軒_歐洲人權法下國家應對氣候變遷的積極義務 —以荷蘭 Urgenda 一案為例.txt,48,,54481,
1633,2019行政管制與行政爭訟 國家責任與保護義務,2023-12,法學叢書,研究論文,國家對文化保存與維護的憲法義務 —以文化資產保存法為觀察,王韻茹,155-192,https://publication.iias.sinica.edu.tw/60611132.pdf,pdf,pdf/1633_05_王韻茹_國家對文化保存與維護的憲法義務 —以文化資產保存法為觀察.pdf,,pdf_text/1633_05_王韻茹_國家對文化保存與維護的憲法義務 —以文化資產保存法為觀察.txt,38,,40580,
1633,2019行政管制與行政爭訟 國家責任與保護義務,2023-12,法學叢書,研究論文,論原住民族轉型正義的國家責任 —以自然資源利用及主觀認同為核心,辛年豐,193-243,https://publication.iias.sinica.edu.tw/70012132.pdf,pdf,pdf/1633_06_辛年豐_論原住民族轉型正義的國家責任 —以自然資源利用及主觀認同為核心.pdf,,pdf_text/1633_06_辛年豐_論原住民族轉型正義的國家責任 —以自然資源利用及主觀認同為核心.txt,51,,45955,
1633,2019行政管制與行政爭訟 國家責任與保護義務,2023-12,法學叢書,研究論文,德國能源稅法對臺灣能源稅立法之啟發,陳汶津,245-288,https://publication.iias.sinica.edu.tw/70011132.pdf,pdf,pdf/1633_07_陳汶津_德國能源稅法對臺灣能源稅立法之啟發.pdf,,pdf_text/1633_07_陳汶津_德國能源稅法對臺灣能源稅立法之啟發.txt,44,,43563,
1633,2019行政管制與行政爭訟 國家責任與保護義務,2023-12,法學叢書,研究論文,「與有過失」與國家責任 —法律用語、概念、原則的融貫思維與體系建構,李建良,,https://publication.iias.sinica.edu.tw/62417032.pdf,pdf,pdf/1633_08_李建良_「與有過失」與國家責任 —法律用語、概念、原則的融貫思維與體系建構.pdf,,pdf_text/1633_08_李建良_「與有過失」與國家責任 —法律用語、概念、原則的融貫思維與體系建構.txt,43,,44181,
1633,2019行政管制與行政爭訟 國家責任與保護義務,2023-12,法學叢書,會議實錄,我國國家賠償法的修法及檢討 —[圓桌論壇]會議實錄,,333-366,https://publication.iias.sinica.edu.tw/91151932.pdf,pdf,pdf/1633_09_untitled_我國國家賠償法的修法及檢討 —[圓桌論壇]會議實錄.pdf,,pdf_text/1633_09_untitled_我國國家賠償法的修法及檢討 —[圓桌論壇]會議實錄.txt,34,,28146,
1600,2017行政管制與行政爭訟 行政程序法2.0,2023-10,法學專書,,主編序,黃丞儀,i-ii,,,,,,,,,
1600,2017行政管制與行政爭訟 行政程序法2.0,2023-10,法學專書,主題演說,行政處分2.0 —法治國家的制度工具與秩序理念,李建良,1-66,https://publication.iias.sinica.edu.tw/42615032.pdf,pdf,pdf/1600_02_李建良_行政處分2.0 —法治國家的制度工具與秩序理念.pdf,,pdf_text/1600_02_李建良_行政處分2.0 —法治國家的制度工具與秩序理念.txt,66,,79727,
1600,2017行政管制與行政爭訟 行政程序法2.0,2023-10,法學專書,研究論文,論行政程序法上行政命令的類型與程序設計應有之取向,黃銘輝,67-127,https://publication.iias.sinica.edu.tw/20610132.pdf,pdf,pdf/1600_03_黃銘輝_論行政程序法上行政命令的類型與程序設計應有之取向.pdf,,pdf_text/1600_03_黃銘輝_論行政程序法上行政命令的類型與程序設計應有之取向.txt,61,,66788,
1600,2017行政管制與行政爭訟 行政程序法2.0,2023-10,法學專書,研究論文,公眾及早參與重大開發或建設計畫之擬訂 —以法國公共辯論程序為中心,王必芳,129-211,https://publication.iias.sinica.edu.tw/82619032.pdf,pdf,pdf/1600_04_王必芳_公眾及早參與重大開發或建設計畫之擬訂 —以法國公共辯論程序為中心.pdf,,pdf_text/1600_04_王必芳_公眾及早參與重大開發或建設計畫之擬訂 —以法國公共辯論程序為中心.txt,83,,99194,
1600,2017行政管制與行政爭訟 行政程序法2.0,2023-10,法學專書,研究論文,論全自動作成之行政處分,謝碩駿,213-298,https://publication.iias.sinica.edu.tw/30100132.pdf,pdf,pdf/1600_05_謝碩駿_論全自動作成之行政處分.pdf,,pdf_text/1600_05_謝碩駿_論全自動作成之行政處分.txt,86,,104380,
1600,2017行政管制與行政爭訟 行政程序法2.0,2023-10,法學專書,研究論文,由德國法觀點論行政程序法之行政處分廢止規定 —兼評行政程序法修正草案初稿之修正規定,陳信安,299-396,https://publication.iias.sinica.edu.tw/30510132.pdf,pdf,pdf/1600_06_陳信安_由德國法觀點論行政程序法之行政處分廢止規定 —兼評行政程序法修正草案初稿之修正規定.pdf,,pdf_text/1600_06_陳信安_由德國法觀點論行政程序法之行政處分廢止規定 —兼評行政程序法修正草案初稿之修正規定.txt,98,,101649,
1600,2017行政管制與行政爭訟 行政程序法2.0,2023-10,法學專書,研究論文,全球治理時代的規則制定權 —歐盟行政法與全球行政法的啟示,林春元,397-454,https://publication.iias.sinica.edu.tw/82719032.pdf,pdf,pdf/1600_07_林春元_全球治理時代的規則制定權 —歐盟行政法與全球行政法的啟示.pdf,,pdf_text/1600_07_林春元_全球治理時代的規則制定權 —歐盟行政法與全球行政法的啟示.txt,58,,62682,
1600,2017行政管制與行政爭訟 行政程序法2.0,2023-10,法學專書,會議實錄,行政程序法2.0 座談會,,,https://publication.iias.sinica.edu.tw/60710132.pdf,pdf,pdf/1600_08_untitled_行政程序法2.0 座談會.pdf,,pdf_text/1600_08_untitled_行政程序法2.0 座談會.txt,38,,29251,
1588,第33期,2023-09,法學期刊,,出刊辭,,,https://publication.iias.sinica.edu.tw/journal33ch00.pdf,pdf,pdf/1588_01_untitled_出刊辭.pdf,,pdf_text/1588_01_untitled_出刊辭.txt,2,,887,
1588,第33期,2023-09,法學期刊,研究論文,我國法實證研究社群的發展現況 —知識結構、引用網絡與質性分析,梁志鳴/范蔚敏/許菁芳,1-80,https://publication.iias.sinica.edu.tw/62815032.pdf,pdf,pdf/1588_02_梁志鳴／范蔚敏／許菁芳_我國法實證研究社群的發展現況 —知識結構、引用網絡與質性分析.pdf,,pdf_text/1588_02_梁志鳴／范蔚敏／許菁芳_我國法實證研究社群的發展現況 —知識結構、引用網絡與質性分析.txt,80,,78003,
1588,第33期,2023-09,法學期刊,研究論文,疫情時刻的法治國健檢 —從憲法觀點反思我國在COVID-19疫情中的防疫舉措,陳陽升,81-144,https://publication.iias.sinica.edu.tw/13518032.pdf,pdf,pdf/1588_03_陳陽升_疫情時刻的法治國健檢 —從憲法觀點反思我國在COVID-19疫情中的防疫舉措.pdf,,pdf_text/1588_03_陳陽升_疫情時刻的法治國健檢 —從憲法觀點反思我國在COVID-19疫情中的防疫舉措.txt,64,,72353,
1588,第33期,2023-09,法學期刊,研究論文,給臺灣制憲的備忘錄 —以程序面為中心,林建志,145-222,https://publication.iias.sinica.edu.tw/70514032.pdf,pdf,pdf/1588_04_林建志_給臺灣制憲的備忘錄 —以程序面為中心.pdf,,pdf_text/1588_04_林建志_給臺灣制憲的備忘錄 —以程序面為中心.txt,78,,94394,
1588,第33期,2023-09,法學期刊,專書論壇,台灣法學的未來 —評王泰升著《建構台灣法學—歐美日中知識的彙整》,陳忠五,223-236,https://publication.iias.sinica.edu.tw/51218032.pdf,pdf,pdf/1588_05_陳忠五_台灣法學的未來 —評王泰升著《建構台灣法學—歐美日中知識的彙整》.pdf,,pdf_text/1588_05_陳忠五_台灣法學的未來 —評王泰升著《建構台灣法學—歐美日中知識的彙整》.txt,14,,11560,
1588,第33期,2023-09,法學期刊,專書論壇,在這些神聖殿堂內,顏厥安,237-266,https://publication.iias.sinica.edu.tw/12017032.pdf,pdf,pdf/1588_06_顏厥安_在這些神聖殿堂內.pdf,,pdf_text/1588_06_顏厥安_在這些神聖殿堂內.txt,30,,30928,
1588,第33期,2023-09,法學期刊,專書論壇,打開台灣法學史的月光寶盒 —對《建構台灣法學》一書的幾點反思,張嘉尹,267-287,https://publication.iias.sinica.edu.tw/61010832.pdf,pdf,pdf/1588_07_張嘉尹_打開台灣法學史的月光寶盒 —對《建構台灣法學》一書的幾點反思.pdf,,pdf_text/1588_07_張嘉尹_打開台灣法學史的月光寶盒 —對《建構台灣法學》一書的幾點反思.txt,21,,20284,
1588,第33期,2023-09,法學期刊,專書論壇,歷史思維法學的美麗與哀愁 —評王泰升教授《建構台灣法學—歐美日中知識的彙整》,陳宛妤,289-306,https://publication.iias.sinica.edu.tw/80618032.pdf,pdf,pdf/1588_08_陳宛妤_歷史思維法學的美麗與哀愁 —評王泰升教授《建構台灣法學—歐美日中知識的彙整》.pdf,,pdf_text/1588_08_陳宛妤_歷史思維法學的美麗與哀愁 —評王泰升教授《建構台灣法學—歐美日中知識的彙整》.txt,18,,15856,
1588,第33期,2023-09,法學期刊,專書論壇,語言、法源與法系 —《建構台灣法學》的知識論與方法論,李建良,307-345,https://publication.iias.sinica.edu.tw/90718032.pdf,pdf,pdf/1588_09_李建良_語言、法源與法系 —《建構台灣法學》的知識論與方法論.pdf,,pdf_text/1588_09_李建良_語言、法源與法系 —《建構台灣法學》的知識論與方法論.txt,39,,41523,
1491,第32期,2023-03,法學期刊,總目錄,論國家賠償責任的歸責原則 —以法國「公共服務過錯」責任為中心,王必芳,1-80,https://publication.iias.sinica.edu.tw/02512032.pdf,pdf,pdf/1491_01_王必芳_論國家賠償責任的歸責原則 —以法國「公共服務過錯」責任為中心.pdf,,pdf_text/1491_01_王必芳_論國家賠償責任的歸責原則 —以法國「公共服務過錯」責任為中心.txt,80,,91669,
1491,第32期,2023-03,法學期刊,總目錄,競爭政策之傳統與新興推動途徑 —從競爭倡議走向市場調查,王立達,81-147,https://publication.iias.sinica.edu.tw/20412032.pdf,pdf,pdf/1491_02_王立達_競爭政策之傳統與新興推動途徑 —從競爭倡議走向市場調查.pdf,,pdf_text/1491_02_王立達_競爭政策之傳統與新興推動途徑 —從競爭倡議走向市場調查.txt,67,,78265,
1491,第32期,2023-03,法學期刊,總目錄,身後事，不歧視？遺產分配性別偏好的實證研究,黃詩淳、張永健、何叔孋,149-205,https://publication.iias.sinica.edu.tw/02612032.pdf,pdf,pdf/1491_03_黃詩淳_張永健_何叔孋_身後事，不歧視？遺產分配性別偏好的實證研究.pdf,,pdf_text/1491_03_黃詩淳_張永健_何叔孋_身後事，不歧視？遺產分配性別偏好的實證研究.txt,57,,50878,
1491,第32期,2023-03,法學期刊,總目錄,在身分與契約之間 —婚姻法規範的引導功能與發展方向,李立如,207-276,https://publication.iias.sinica.edu.tw/72012122.pdf,pdf,pdf/1491_04_李立如_在身分與契約之間 —婚姻法規範的引導功能與發展方向.pdf,,pdf_text/1491_04_李立如_在身分與契約之間 —婚姻法規範的引導功能與發展方向.txt,70,,83428,
1491,第32期,2023-03,法學期刊,總目錄,效率的僭政 —評張永健教授《社科民法釋義學》中的方法論論題,陳冠廷,277-312,https://publication.iias.sinica.edu.tw/50011032.pdf,pdf,pdf/1491_05_陳冠廷_效率的僭政 —評張永健教授《社科民法釋義學》中的方法論論題.pdf,,pdf_text/1491_05_陳冠廷_效率的僭政 —評張永健教授《社科民法釋義學》中的方法論論題.txt,36,,40490,
1410,第31期,2022-09,法學期刊,總目錄,授權規範與內在觀點,林執中,1-72,https://publication.iias.sinica.edu.tw/91617022.pdf,pdf,pdf/1410_01_林執中_授權規範與內在觀點.pdf,,pdf_text/1410_01_林執中_授權規範與內在觀點.txt,72,,77822,
1410,第31期,2022-09,法學期刊,總目錄,外國法院定親權及認可收養未成年子女裁判之承認 —我國法、德國法、歐盟法及海牙公約之比較研究,陳瑋佑,73-161,https://publication.iias.sinica.edu.tw/72106022.pdf,pdf,pdf/1410_02_陳瑋佑_外國法院定親權及認可收養未成年子女裁判之承認 —我國法、德國法、歐盟法及海牙公約之比較研究.pdf,,pdf_text/1410_02_陳瑋佑_外國法院定親權及認可收養未成年子女裁判之承認 —我國法、德國法、歐盟法及海牙公約之比較研究.txt,89,,121350,
1410,第31期,2022-09,法學期刊,總目錄,企業社會揭露的法律管制模式 —兼顧實效性與合憲性的觀點,陳仲嶙、蔡昌憲、劉冠佳,163-254,https://publication.iias.sinica.edu.tw/02617022.pdf,pdf,pdf/1410_03_陳仲嶙_蔡昌憲_劉冠佳_企業社會揭露的法律管制模式 —兼顧實效性與合憲性的觀點.pdf,,pdf_text/1410_03_陳仲嶙_蔡昌憲_劉冠佳_企業社會揭露的法律管制模式 —兼顧實效性與合憲性的觀點.txt,92,,105939,
1410,第31期,2022-09,法學期刊,總目錄,假訊息與臺灣司法之回應 —評析我國法院2007年至2020年7月 社維法第63條第1項第5款適用情形,林春元,255-329,https://publication.iias.sinica.edu.tw/70417022.pdf,pdf,pdf/1410_04_林春元_假訊息與臺灣司法之回應 —評析我國法院2007年至2020年7月 社維法第63條第1項第5款適用情形.pdf,,pdf_text/1410_04_林春元_假訊息與臺灣司法之回應 —評析我國法院2007年至2020年7月 社維法第63條第1項第5款適用情形.txt,75,,82308,
1410,第31期,2022-09,法學期刊,總目錄,論不自證己罪之拒絕證言權 —最高法院裁判之綜合評釋,薛智仁,331-405,https://publication.iias.sinica.edu.tw/52517022.pdf,pdf,pdf/1410_05_薛智仁_論不自證己罪之拒絕證言權 —最高法院裁判之綜合評釋.pdf,,pdf_text/1410_05_薛智仁_論不自證己罪之拒絕證言權 —最高法院裁判之綜合評釋.txt,75,,81043,
1379,2022特刊─香港法治之變局：回顧、研析與展望,2022-05,法學期刊,總目錄,出刊辭,,,https://publication.iias.sinica.edu.tw/journal2022S1ch00CN.pdf,pdf,pdf/1379_01_untitled_出刊辭.pdf,,pdf_text/1379_01_untitled_出刊辭.txt,3,,1735,
1379,2022特刊─香港法治之變局：回顧、研析與展望,2022-05,法學期刊,總目錄,Hong Kong's Transformed Criminal Justice System: Instrument of Fear （香港刑事司法系統的轉變—恐懼之術）,Jerome A. Cohen（孔傑榮）,1-20,https://publication.iias.sinica.edu.tw/82714022.pdf,pdf,pdf/1379_02_Jerome_A._Cohen（孔傑榮）_Hong Kong's Transformed Criminal Justice System： Instrument of Fear （香港刑事司法系統的轉變—恐懼之術）.pdf,,pdf_text/1379_02_Jerome_A._Cohen（孔傑榮）_Hong Kong's Transformed Criminal Justice System： Instrument of Fear （香港刑事司法系統的轉變—恐懼之術）.txt,20,,39597,
1379,2022特刊─香港法治之變局：回顧、研析與展望,2022-05,法學期刊,總目錄,Beijing's National Security Law and the Destruction of the Liberal Constitutional Order in Hong Kong （北京的《港區國安法》—香港自由憲政秩序的崩壞）,Michael C. Davis（戴大為）,21-37,https://publication.iias.sinica.edu.tw/92114022.pdf,pdf,pdf/1379_03_Michael_C._Davis（戴大為）_Beijing's National Security Law and the Destruction of the Liberal Constitutional Order in Hong Kong.pdf,,pdf_text/1379_03_Michael_C._Davis（戴大為）_Beijing's National Security Law and the Destruction of the Liberal Constitutional Order in Hong Kong.txt,17,,35384,
1379,2022特刊─香港法治之變局：回顧、研析與展望,2022-05,法學期刊,總目錄,National Security Law 2020 in Hong Kong: One Year On （2020年《港區國安法》—一年後之回顧）,Johannes M.M. Chan（陳文敏）,39-101,https://publication.iias.sinica.edu.tw/92014022.pdf,pdf,pdf/1379_04_Johannes_M.M._Chan（陳文敏）_National Security Law 2020 in Hong Kong： One Year On （2020年《港區國安法》—一年後之回顧）.pdf,,pdf_text/1379_04_Johannes_M.M._Chan（陳文敏）_National Security Law 2020 in Hong Kong： One Year On （2020年《港區國安法》—一年後之回顧）.txt,63,,136682,
1379,2022特刊─香港法治之變局：回顧、研析與展望,2022-05,法學期刊,總目錄,「一國兩制」在香港特別行政區的實踐—回顧與反思,陳弘毅,103-158,https://publication.iias.sinica.edu.tw/92214022.pdf,pdf,pdf/1379_05_陳弘毅_「一國兩制」在香港特別行政區的實踐—回顧與反思.pdf,,pdf_text/1379_05_陳弘毅_「一國兩制」在香港特別行政區的實踐—回顧與反思.txt,56,,71029,
1379,2022特刊─香港法治之變局：回顧、研析與展望,2022-05,法學期刊,總目錄,"The Bad Birth and Premature Death of ""One Country, Two Systems"" in Hong Kong （香港「一國兩制」的難產與早夭）",Victoria Tin-bor Hui（許田波）,159-194,https://publication.iias.sinica.edu.tw/82511022.pdf,pdf,"pdf/1379_06_Victoria_Tin-bor_Hui（許田波）_The Bad Birth and Premature Death of One Country, Two Systems in Hong Kong （香港「一國兩制」的難產與早夭）.pdf",,"pdf_text/1379_06_Victoria_Tin-bor_Hui（許田波）_The Bad Birth and Premature Death of One Country, Two Systems in Hong Kong （香港「一國兩制」的難產與早夭）.txt",36,,79852,
1379,2022特刊─香港法治之變局：回顧、研析與展望,2022-05,法學期刊,總目錄,"Territorial Autonomy as a Tool of Conflict Resolution? Lessons from ""One Country, Two Systems"" in Hong Kong （領土自治作為解決衝突的工具？—香港「一國兩制」之啟示）",Carole J. Petersen（白嘉露）,195-243,https://publication.iias.sinica.edu.tw/32903022.pdf,pdf,"pdf/1379_07_Carole_J._Petersen（白嘉露）_Territorial Autonomy as a Tool of Conflict Resolution Lessons from One Country, Two Systems in Hong.pdf",,"pdf_text/1379_07_Carole_J._Petersen（白嘉露）_Territorial Autonomy as a Tool of Conflict Resolution Lessons from One Country, Two Systems in Hong.txt",49,,106623,
1379,2022特刊─香港法治之變局：回顧、研析與展望,2022-05,法學期刊,總目錄,論「總體國家安全觀」對香港法治人權的侵蝕,虞 平,245-278,https://publication.iias.sinica.edu.tw/92314022.pdf,pdf,pdf/1379_08_虞_平_論「總體國家安全觀」對香港法治人權的侵蝕.pdf,,pdf_text/1379_08_虞_平_論「總體國家安全觀」對香港法治人權的侵蝕.txt,34,,39476,
1364,第30期,2022-03,法學期刊,總目錄,食品刑法有無保護集體法益之可能？ —一個立於法益理論而來的立法論思考,陳俊偉,1-78,https://publication.iias.sinica.edu.tw/42112022.pdf,pdf,pdf/1364_01_陳俊偉_食品刑法有無保護集體法益之可能？ —一個立於法益理論而來的立法論思考.pdf,,pdf_text/1364_01_陳俊偉_食品刑法有無保護集體法益之可能？ —一個立於法益理論而來的立法論思考.txt,78,,85932,
1364,第30期,2022-03,法學期刊,總目錄,建構量刑階段中罪刑相當原則的第一哩路 —自應報觀點形塑刑罰量定之理論嘗試,范耕維,79-170,https://publication.iias.sinica.edu.tw/91511022.pdf,pdf,pdf/1364_02_范耕維_建構量刑階段中罪刑相當原則的第一哩路 —自應報觀點形塑刑罰量定之理論嘗試.pdf,,pdf_text/1364_02_范耕維_建構量刑階段中罪刑相當原則的第一哩路 —自應報觀點形塑刑罰量定之理論嘗試.txt,92,,95121,
1364,第30期,2022-03,法學期刊,總目錄,社群媒體不實訊息之治理 —以個資保護模式為選項,翁逸泓,171-230,https://publication.iias.sinica.edu.tw/12021022.pdf,pdf,pdf/1364_03_翁逸泓_社群媒體不實訊息之治理 —以個資保護模式為選項.pdf,,pdf_text/1364_03_翁逸泓_社群媒體不實訊息之治理 —以個資保護模式為選項.txt,60,,73879,
1364,第30期,2022-03,法學期刊,總目錄,同性婚姻合法化爭議中基督教團體政治參與之再思 —公共理性、基督教政治神學與宗教自然法,林榮光,231-289,https://publication.iias.sinica.edu.tw/02111022.pdf,pdf,pdf/1364_04_林榮光_同性婚姻合法化爭議中基督教團體政治參與之再思 —公共理性、基督教政治神學與宗教自然法.pdf,,pdf_text/1364_04_林榮光_同性婚姻合法化爭議中基督教團體政治參與之再思 —公共理性、基督教政治神學與宗教自然法.txt,59,,66403,
1364,第30期,2022-03,法學期刊,總目錄,《國際捕鯨管制公約》的變遷與停滯 —跨國規範化歷程的關鍵因素分析,李佩蓉,291-340,https://publication.iias.sinica.edu.tw/90012022.pdf,pdf,pdf/1364_05_李佩蓉_《國際捕鯨管制公約》的變遷與停滯 —跨國規範化歷程的關鍵因素分析.pdf,,pdf_text/1364_05_李佩蓉_《國際捕鯨管制公約》的變遷與停滯 —跨國規範化歷程的關鍵因素分析.txt,50,,59062,
1364,第30期,2022-03,法學期刊,總目錄,,,,,,,,,,,,
1338,憲法解釋之理論與實務（第11輯）,2021-12,法學叢書,總目錄,主編序,林建志,i-ii,https://publication.iias.sinica.edu.tw/constitution11_CH01.pdf,pdf,pdf/1338_01_林建志_主編序.pdf,,pdf_text/1338_01_林建志_主編序.txt,2,,1459,
1338,憲法解釋之理論與實務（第11輯）,2021-12,法學叢書,總目錄,主題演說：憲法法院作為積極立法者,許宗力,1-39,https://publication.iias.sinica.edu.tw/72414012.pdf,pdf,pdf/1338_02_許宗力_主題演說：憲法法院作為積極立法者.pdf,,pdf_text/1338_02_許宗力_主題演說：憲法法院作為積極立法者.txt,39,,36466,
1338,憲法解釋之理論與實務（第11輯）,2021-12,法學叢書,總目錄,主題演說：Comparing the Taiwanese Constitutional Court's Approach to Comparativism,David S. Law,41-195,https://publication.iias.sinica.edu.tw/51513012.pdf,pdf,pdf/1338_03_David_S._Law_主題演說：Comparing the Taiwanese Constitutional Court's Approach to Comparativism.pdf,,pdf_text/1338_03_David_S._Law_主題演說：Comparing the Taiwanese Constitutional Court's Approach to Comparativism.txt,155,,399693,
1338,憲法解釋之理論與實務（第11輯）,2021-12,法學叢書,總目錄,基本權釋義學與憲法學方法論 —基本權思維工程的基本構圖,李建良,197-234,https://publication.iias.sinica.edu.tw/82310112.pdf,pdf,pdf/1338_04_李建良_基本權釋義學與憲法學方法論 —基本權思維工程的基本構圖.pdf,,pdf_text/1338_04_李建良_基本權釋義學與憲法學方法論 —基本權思維工程的基本構圖.txt,38,,43594,
1338,憲法解釋之理論與實務（第11輯）,2021-12,法學叢書,總目錄,議事阻撓與少數保障之憲法規範初探,陳淳文,235-289,https://publication.iias.sinica.edu.tw/32900112.pdf,pdf,pdf/1338_05_陳淳文_議事阻撓與少數保障之憲法規範初探.pdf,,pdf_text/1338_05_陳淳文_議事阻撓與少數保障之憲法規範初探.txt,55,,52157,
1338,憲法解釋之理論與實務（第11輯）,2021-12,法學叢書,總目錄,若隱若現的立法形成自由：婚姻自由的保證抑或障礙？ —評司法院釋字第748號解釋,黃舒芃,291-329,https://publication.iias.sinica.edu.tw/62410112.pdf,pdf,pdf/1338_06_黃舒芃_若隱若現的立法形成自由：婚姻自由的保證抑或障礙？ —評司法院釋字第748號解釋.pdf,,pdf_text/1338_06_黃舒芃_若隱若現的立法形成自由：婚姻自由的保證抑或障礙？ —評司法院釋字第748號解釋.txt,39,,40691,
1338,憲法解釋之理論與實務（第11輯）,2021-12,法學叢書,總目錄,婚姻平權與法律動員 —司法院釋字第748號解釋前之立法與訴訟行動,官曉薇,331-378,https://publication.iias.sinica.edu.tw/81511112.pdf,pdf,pdf/1338_07_官曉薇_婚姻平權與法律動員 —司法院釋字第748號解釋前之立法與訴訟行動.pdf,,pdf_text/1338_07_官曉薇_婚姻平權與法律動員 —司法院釋字第748號解釋前之立法與訴訟行動.txt,48,,50788,
1338,憲法解釋之理論與實務（第11輯）,2021-12,法學叢書,總目錄,試論刑案釋憲溯及效力 —從憲訴到非常上訴,林超駿,379-465,https://publication.iias.sinica.edu.tw/21611112.pdf,pdf,pdf/1338_08_林超駿_試論刑案釋憲溯及效力 —從憲訴到非常上訴.pdf,,pdf_text/1338_08_林超駿_試論刑案釋憲溯及效力 —從憲訴到非常上訴.txt,87,,87674,
1338,憲法解釋之理論與實務（第11輯）,2021-12,法學叢書,總目錄,勞動契約從屬性認定標準之趨勢與反思 —兼論平臺工作者之「勞工性」,邱羽凡,467-553,https://publication.iias.sinica.edu.tw/90611112.pdf,pdf,pdf/1338_09_邱羽凡_勞動契約從屬性認定標準之趨勢與反思 —兼論平臺工作者之「勞工性」.pdf,,pdf_text/1338_09_邱羽凡_勞動契約從屬性認定標準之趨勢與反思 —兼論平臺工作者之「勞工性」.txt,87,,95962,
1338,憲法解釋之理論與實務（第11輯）,2021-12,法學叢書,總目錄,從「我們的憲法」、「我們」到「我們的釋憲者」： 形塑非國民之憲法上權利主體,范秀羽,555-611,https://publication.iias.sinica.edu.tw/40611112.pdf,pdf,pdf/1338_10_范秀羽_從「我們的憲法」、「我們」到「我們的釋憲者」： 形塑非國民之憲法上權利主體.pdf,,pdf_text/1338_10_范秀羽_從「我們的憲法」、「我們」到「我們的釋憲者」： 形塑非國民之憲法上權利主體.txt,57,,65204,
1338,憲法解釋之理論與實務（第11輯）,2021-12,法學叢書,總目錄,拘束力或說服力？分析我國釋憲實務中的「前解釋」,賈文宇,613-641,https://publication.iias.sinica.edu.tw/92410112.pdf,pdf,pdf/1338_11_賈文宇_拘束力或說服力？分析我國釋憲實務中的「前解釋」.pdf,,pdf_text/1338_11_賈文宇_拘束力或說服力？分析我國釋憲實務中的「前解釋」.txt,29,,28000,
1338,憲法解釋之理論與實務（第11輯）,2021-12,法學叢書,總目錄,論大規模政府監控之資訊隱私保障 —評析美國聯邦法院相關裁判,林昕璇,643-698,https://publication.iias.sinica.edu.tw/90511112.pdf,pdf,pdf/1338_12_林昕璇_論大規模政府監控之資訊隱私保障 —評析美國聯邦法院相關裁判.pdf,,pdf_text/1338_12_林昕璇_論大規模政府監控之資訊隱私保障 —評析美國聯邦法院相關裁判.txt,56,,65454,
1338,憲法解釋之理論與實務（第11輯）,2021-12,法學叢書,總目錄,從公政公約第14條第5項論刑事上訴三審之限制 —兼評最高法院相關刑事裁判及司法院釋字第752號解釋,林慈偉,699-794,https://publication.iias.sinica.edu.tw/40511112.pdf,pdf,pdf/1338_13_林慈偉_從公政公約第14條第5項論刑事上訴三審之限制 —兼評最高法院相關刑事裁判及司法院釋字第752號解釋.pdf,,pdf_text/1338_13_林慈偉_從公政公約第14條第5項論刑事上訴三審之限制 —兼評最高法院相關刑事裁判及司法院釋字第752號解釋.txt,96,,101686,
1322,研之得法─中央研究院法律學研究所成立十週年文集,2021-11,法學叢書,目 錄,看似尋常最奇崛，成如容易卻艱辛 ──法律所成立十週年文集序,李建良,NA,https://publication.iias.sinica.edu.tw/2021ch00.pdf,pdf,pdf/1322_01_李建良_看似尋常最奇崛，成如容易卻艱辛 ──法律所成立十週年文集序.pdf,,pdf_text/1322_01_李建良_看似尋常最奇崛，成如容易卻艱辛 ──法律所成立十週年文集序.txt,5,,3281,
1322,研之得法─中央研究院法律學研究所成立十週年文集,2021-11,法學叢書,目 錄,我與法律所的一段因緣,王汎森,3-4,https://publication.iias.sinica.edu.tw/52716012.pdf,pdf,pdf/1322_02_王汎森_我與法律所的一段因緣.pdf,,pdf_text/1322_02_王汎森_我與法律所的一段因緣.txt,2,,1597,
1322,研之得法─中央研究院法律學研究所成立十週年文集,2021-11,法學叢書,目 錄,陪伴者的建言 ──敬致十年有成的法律所,王泰升,5-8,https://publication.iias.sinica.edu.tw/52816012.pdf,pdf,pdf/1322_03_王泰升_陪伴者的建言 ──敬致十年有成的法律所.pdf,,pdf_text/1322_03_王泰升_陪伴者的建言 ──敬致十年有成的法律所.txt,4,,3326,
1322,研之得法─中央研究院法律學研究所成立十週年文集,2021-11,法學叢書,目 錄,期許法律所樹立法學研究典範,王澤鑑,9-10,https://publication.iias.sinica.edu.tw/60718012.pdf,pdf,pdf/1322_04_王澤鑑_期許法律所樹立法學研究典範.pdf,,pdf_text/1322_04_王澤鑑_期許法律所樹立法學研究典範.txt,2,,1363,
1322,研之得法─中央研究院法律學研究所成立十週年文集,2021-11,法學叢書,目 錄,我與法律所的不解之緣,翁岳生,11-12,https://publication.iias.sinica.edu.tw/40818012.pdf,pdf,pdf/1322_05_翁岳生_我與法律所的不解之緣.pdf,,pdf_text/1322_05_翁岳生_我與法律所的不解之緣.txt,2,,1754,
1322,研之得法─中央研究院法律學研究所成立十週年文集,2021-11,法學叢書,目 錄,關於縱火犯湯景華案的紅鯡魚,許玉秀,13-25,https://publication.iias.sinica.edu.tw/10619012.pdf,pdf,pdf/1322_06_許玉秀_關於縱火犯湯景華案的紅鯡魚.pdf,,pdf_text/1322_06_許玉秀_關於縱火犯湯景華案的紅鯡魚.txt,14,,15481,
1322,研之得法─中央研究院法律學研究所成立十週年文集,2021-11,法學叢書,目 錄,臺灣法研之典範 ──賀中研院法律所設立十週年,許宗力,27-28,https://publication.iias.sinica.edu.tw/10519012.pdf,pdf,pdf/1322_07_許宗力_臺灣法研之典範 ──賀中研院法律所設立十週年.pdf,,pdf_text/1322_07_許宗力_臺灣法研之典範 ──賀中研院法律所設立十週年.txt,2,,1815,
1322,研之得法─中央研究院法律學研究所成立十週年文集,2021-11,法學叢書,目 錄,中研院與我,陳弘毅,29-32,https://publication.iias.sinica.edu.tw/21418012.pdf,pdf,pdf/1322_08_陳弘毅_中研院與我.pdf,,pdf_text/1322_08_陳弘毅_中研院與我.txt,4,,3248,
1322,研之得法─中央研究院法律學研究所成立十週年文集,2021-11,法學叢書,目 錄,法律所出版委員會運作側記,陳忠五,33-35,https://publication.iias.sinica.edu.tw/21517012.pdf,pdf,pdf/1322_09_陳忠五_法律所出版委員會運作側記.pdf,,pdf_text/1322_09_陳忠五_法律所出版委員會運作側記.txt,4,,2592,
1322,研之得法─中央研究院法律學研究所成立十週年文集,2021-11,法學叢書,目 錄,對中央研究院法律學研究所設立十週年所慶 之祝賀與期待,黃昭元,37-38,https://publication.iias.sinica.edu.tw/61018012.pdf,pdf,pdf/1322_10_黃昭元_對中央研究院法律學研究所設立十週年所慶 之祝賀與期待.pdf,,pdf_text/1322_10_黃昭元_對中央研究院法律學研究所設立十週年所慶 之祝賀與期待.txt,2,,1645,
1322,研之得法─中央研究院法律學研究所成立十週年文集,2021-11,法學叢書,目 錄,衍生性金融商品管制規範之私法效力,黃國昌,39-59,https://publication.iias.sinica.edu.tw/31619012.pdf,pdf,pdf/1322_11_黃國昌_衍生性金融商品管制規範之私法效力.pdf,,pdf_text/1322_11_黃國昌_衍生性金融商品管制規範之私法效力.txt,22,,23795,
1322,研之得法─中央研究院法律學研究所成立十週年文集,2021-11,法學叢書,目 錄,法律所與我,劉靜怡,61-62,https://publication.iias.sinica.edu.tw/13617012.pdf,pdf,pdf/1322_12_劉靜怡_法律所與我.pdf,,pdf_text/1322_12_劉靜怡_法律所與我.txt,2,,1898,
1322,研之得法─中央研究院法律學研究所成立十週年文集,2021-11,法學叢書,目 錄,激進，免驚！,顏厥安,63-77,https://publication.iias.sinica.edu.tw/60228012.pdf,pdf,pdf/1322_13_顏厥安_激進，免驚！.pdf,,pdf_text/1322_13_顏厥安_激進，免驚！.txt,16,,20462,
1322,研之得法─中央研究院法律學研究所成立十週年文集,2021-11,法學叢書,目 錄,The IIAS’s First Decade: An Extraordinary Record,安守廉（William P. Alford）,81-83,https://publication.iias.sinica.edu.tw/11418012.pdf,pdf,pdf/1322_14_安守廉（William_P._Alford）_The IIAS’s First Decade： An Extraordinary Record.pdf,,pdf_text/1322_14_安守廉（William_P._Alford）_The IIAS’s First Decade： An Extraordinary Record.txt,4,,4926,
1322,研之得法─中央研究院法律學研究所成立十週年文集,2021-11,法學叢書,目 錄,法律所的第一個十年 ──一個非凡的紀錄,安守廉（William P. Alford）,85-86,https://publication.iias.sinica.edu.tw/11518012.pdf,pdf,pdf/1322_15_安守廉（William_P._Alford）_法律所的第一個十年_──一個非凡的紀錄.pdf,,pdf_text/1322_15_安守廉（William_P._Alford）_法律所的第一個十年_──一個非凡的紀錄.txt,2,,1868,
1322,研之得法─中央研究院法律學研究所成立十週年文集,2021-11,法學叢書,目 錄,A Happy and Meaningful Occasion,孔傑榮（Jerome A. Cohen）,87-94,https://publication.iias.sinica.edu.tw/71618012.pdf,pdf,pdf/1322_16_孔傑榮（Jerome_A._Cohen）_A Happy and Meaningful Occasion.pdf,,pdf_text/1322_16_孔傑榮（Jerome_A._Cohen）_A Happy and Meaningful Occasion.txt,8,,14998,
1322,研之得法─中央研究院法律學研究所成立十週年文集,2021-11,法學叢書,目 錄,一個歡喜又富有意義的時刻,孔傑榮（Jerome A. Cohen）,95-100,https://publication.iias.sinica.edu.tw/30719012.pdf,pdf,pdf/1322_17_孔傑榮（Jerome_A._Cohen）_一個歡喜又富有意義的時刻.pdf,,pdf_text/1322_17_孔傑榮（Jerome_A._Cohen）_一個歡喜又富有意義的時刻.txt,6,,7061,
1322,研之得法─中央研究院法律學研究所成立十週年文集,2021-11,法學叢書,目 錄,"The Institutum Iurisprudentiae: Multifaceted Perspectives on Law in China, Law and Cross-Strait Issues, and China and International Law",戴傑（Jacques deLisle）,101-108,https://publication.iias.sinica.edu.tw/52618012.pdf,pdf,"pdf/1322_18_戴傑（Jacques_deLisle）_The Institutum Iurisprudentiae： Multifaceted Perspectives on Law in China, Law and Cross-Strait Issu.pdf",,"pdf_text/1322_18_戴傑（Jacques_deLisle）_The Institutum Iurisprudentiae： Multifaceted Perspectives on Law in China, Law and Cross-Strait Issu.txt",8,,17902,
1322,研之得法─中央研究院法律學研究所成立十週年文集,2021-11,法學叢書,目 錄,中央研究院法律學研究所 ──中國法、法律與兩岸議題，以及中國與國際法的多方面觀點,戴傑（Jacques deLisle）,109-115,https://publication.iias.sinica.edu.tw/70519012.pdf,pdf,pdf/1322_19_戴傑（Jacques_deLisle）_中央研究院法律學研究所_──中國法、法律與兩岸議題，以及中國與國際法的多方面觀點.pdf,,pdf_text/1322_19_戴傑（Jacques_deLisle）_中央研究院法律學研究所_──中國法、法律與兩岸議題，以及中國與國際法的多方面觀點.txt,8,,9939,
1322,研之得法─中央研究院法律學研究所成立十週年文集,2021-11,法學叢書,目 錄,A Visit to Academia Sinica,大衛‧戴森豪斯（David Dyzenhaus）,117-120,https://publication.iias.sinica.edu.tw/71516012.pdf,pdf,pdf/1322_20_大衛‧戴森豪斯（David_Dyzenhaus）_A Visit to Academia Sinica.pdf,,pdf_text/1322_20_大衛‧戴森豪斯（David_Dyzenhaus）_A Visit to Academia Sinica.txt,4,,7581,
1322,研之得法─中央研究院法律學研究所成立十週年文集,2021-11,法學叢書,目 錄,訪問中央研究院的回憶,大衛‧戴森豪斯（David Dyzenhaus）,121-123,https://publication.iias.sinica.edu.tw/51917012.pdf,pdf,pdf/1322_21_大衛‧戴森豪斯（David_Dyzenhaus）_訪問中央研究院的回憶.pdf,,pdf_text/1322_21_大衛‧戴森豪斯（David_Dyzenhaus）_訪問中央研究院的回憶.txt,4,,2786,
1322,研之得法─中央研究院法律學研究所成立十週年文集,2021-11,法學叢書,目 錄,The Seminal Contributions of the Institutum Iurisprudentiae Academia Sinica to the Study of Judicial Behavior,Lee Epstein,125-142,https://publication.iias.sinica.edu.tw/71518012.pdf,pdf,pdf/1322_22_Lee_Epstein_The Seminal Contributions of the Institutum Iurisprudentiae Academia Sinica to the Study of Judicial.pdf,,pdf_text/1322_22_Lee_Epstein_The Seminal Contributions of the Institutum Iurisprudentiae Academia Sinica to the Study of Judicial.txt,18,,37712,
1322,研之得法─中央研究院法律學研究所成立十週年文集,2021-11,法學叢書,目 錄,中央研究院法律學研究所對於司法行為研究的開拓貢獻,Lee Epstein,143-158,https://publication.iias.sinica.edu.tw/71418012.pdf,pdf,pdf/1322_23_Lee_Epstein_中央研究院法律學研究所對於司法行為研究的開拓貢獻.pdf,,pdf_text/1322_23_Lee_Epstein_中央研究院法律學研究所對於司法行為研究的開拓貢獻.txt,16,,24039,
1322,研之得法─中央研究院法律學研究所成立十週年文集,2021-11,法學叢書,目 錄,"70 Jahre Grundgesetz – Zwischen Dankbarkeit, Stolz und Verantwortung",Peter M. Huber,159-182,https://publication.iias.sinica.edu.tw/90618012.pdf,pdf,"pdf/1322_24_Peter_M._Huber_70 Jahre Grundgesetz – Zwischen Dankbarkeit, Stolz und Verantwortung.pdf",,"pdf_text/1322_24_Peter_M._Huber_70 Jahre Grundgesetz – Zwischen Dankbarkeit, Stolz und Verantwortung.txt",24,,50520,
1322,研之得法─中央研究院法律學研究所成立十週年文集,2021-11,法學叢書,目 錄,德國基本法70年 ──感恩、自豪與責任之間,Peter M. Huber,183-201,https://publication.iias.sinica.edu.tw/90718012.pdf,pdf,pdf/1322_25_Peter_M._Huber_德國基本法70年_──感恩、自豪與責任之間.pdf,,pdf_text/1322_25_Peter_M._Huber_德國基本法70年_──感恩、自豪與責任之間.txt,20,,21528,
1322,研之得法─中央研究院法律學研究所成立十週年文集,2021-11,法學叢書,目 錄,Öffentlichkeitsarbeit von Amtsträgern zwischen Neutralitätsgebot und Wettbewerbsverzerrung,Peter M. Huber,203-228,https://publication.iias.sinica.edu.tw/62618012.pdf,pdf,pdf/1322_26_Peter_M._Huber_Öffentlichkeitsarbeit von Amtsträgern zwischen Neutralitätsgebot und Wettbewerbsverzerrung.pdf,,pdf_text/1322_26_Peter_M._Huber_Öffentlichkeitsarbeit von Amtsträgern zwischen Neutralitätsgebot und Wettbewerbsverzerrung.txt,26,,55652,
1322,研之得法─中央研究院法律學研究所成立十週年文集,2021-11,法學叢書,目 錄,公職人員之公眾資訊與宣導工作 ──介乎中立要求與競爭扭曲之間,Peter M. Huber,229-248,https://publication.iias.sinica.edu.tw/62718012.pdf,pdf,pdf/1322_27_Peter_M._Huber_公職人員之公眾資訊與宣導工作_──介乎中立要求與競爭扭曲之間.pdf,,pdf_text/1322_27_Peter_M._Huber_公職人員之公眾資訊與宣導工作_──介乎中立要求與競爭扭曲之間.txt,20,,26296,
1322,研之得法─中央研究院法律學研究所成立十週年文集,2021-11,法學叢書,目 錄,The Innovative Spirit of Academia Sinica's Law Institute,陸梅吉（Margaret K. Lewis）,249-255,https://publication.iias.sinica.edu.tw/81418012.pdf,pdf,pdf/1322_28_陸梅吉（Margaret_K._Lewis）_The Innovative Spirit of Academia Sinica's Law Institute.pdf,,pdf_text/1322_28_陸梅吉（Margaret_K._Lewis）_The Innovative Spirit of Academia Sinica's Law Institute.txt,8,,13238,
1322,研之得法─中央研究院法律學研究所成立十週年文集,2021-11,法學叢書,目 錄,中研院法律所的創新精神,陸梅吉（Margaret K. Lewis）,257-261,https://publication.iias.sinica.edu.tw/80719012.pdf,pdf,pdf/1322_29_陸梅吉（Margaret_K._Lewis）_中研院法律所的創新精神.pdf,,pdf_text/1322_29_陸梅吉（Margaret_K._Lewis）_中研院法律所的創新精神.txt,6,,5017,
1322,研之得法─中央研究院法律學研究所成立十週年文集,2021-11,法學叢書,目 錄,Fly Me to the Moon,奧比・薩克思（Albie Sachs）,263-266,https://publication.iias.sinica.edu.tw/61418012.pdf,pdf,pdf/1322_30_奧比・薩克思（Albie_Sachs）_Fly Me to the Moon.pdf,,pdf_text/1322_30_奧比・薩克思（Albie_Sachs）_Fly Me to the Moon.txt,4,,8640,
1322,研之得法─中央研究院法律學研究所成立十週年文集,2021-11,法學叢書,目 錄,帶我去月球,奧比・薩克思（Albie Sachs）,267-270,https://publication.iias.sinica.edu.tw/81618012.pdf,pdf,pdf/1322_31_奧比・薩克思（Albie_Sachs）_帶我去月球.pdf,,pdf_text/1322_31_奧比・薩克思（Albie_Sachs）_帶我去月球.txt,4,,3237,
1322,研之得法─中央研究院法律學研究所成立十週年文集,2021-11,法學叢書,目 錄,Gleichberechtigung von Männern und Frauen in Deutschland,克里斯提安‧史塔克（Christian Starck）,271-287,https://publication.iias.sinica.edu.tw/32318012.pdf,pdf,pdf/1322_32_克里斯提安‧史塔克（Christian_Starck）_Gleichberechtigung von Männern und Frauen in Deutschland.pdf,,pdf_text/1322_32_克里斯提安‧史塔克（Christian_Starck）_Gleichberechtigung von Männern und Frauen in Deutschland.txt,18,,34361,
1322,研之得法─中央研究院法律學研究所成立十週年文集,2021-11,法學叢書,目 錄,德國的男女平權,克里斯提安‧史塔克（Christian Starck）,289-301,https://publication.iias.sinica.edu.tw/32418012.pdf,pdf,pdf/1322_33_克里斯提安‧史塔克（Christian_Starck）_德國的男女平權.pdf,,pdf_text/1322_33_克里斯提安‧史塔克（Christian_Starck）_德國的男女平權.txt,14,,15601,
1322,研之得法─中央研究院法律學研究所成立十週年文集,2021-11,法學叢書,目 錄,A World of Ideas,凱斯‧桑斯汀（Cass R. Sunstein）,303-305,https://publication.iias.sinica.edu.tw/51817012.pdf,pdf,pdf/1322_34_凱斯‧桑斯汀（Cass_R._Sunstein）_A World of Ideas.pdf,,pdf_text/1322_34_凱斯‧桑斯汀（Cass_R._Sunstein）_A World of Ideas.txt,4,,5320,
1322,研之得法─中央研究院法律學研究所成立十週年文集,2021-11,法學叢書,目 錄,觀念繽紛的世界,凱斯‧桑斯汀（Cass R. Sunstein）,307-309,https://publication.iias.sinica.edu.tw/62917012.pdf,pdf,pdf/1322_35_凱斯‧桑斯汀（Cass_R._Sunstein）_觀念繽紛的世界.pdf,,pdf_text/1322_35_凱斯‧桑斯汀（Cass_R._Sunstein）_觀念繽紛的世界.txt,4,,2048,
1322,研之得法─中央研究院法律學研究所成立十週年文集,2021-11,法學叢書,目 錄,An Encounter with Taiwan in Transformation,璐蒂‧泰鐸（Ruti G. Teitel）,311-313,https://publication.iias.sinica.edu.tw/62027012.pdf,pdf,pdf/1322_36_璐蒂‧泰鐸（Ruti_G._Teitel）_An Encounter with Taiwan in Transformation.pdf,,pdf_text/1322_36_璐蒂‧泰鐸（Ruti_G._Teitel）_An Encounter with Taiwan in Transformation.txt,4,,4359,
1322,研之得法─中央研究院法律學研究所成立十週年文集,2021-11,法學叢書,目 錄,與轉型中的臺灣相遇,璐蒂‧泰鐸（Ruti G. Teitel）,315-317,https://publication.iias.sinica.edu.tw/62127012.pdf,pdf,pdf/1322_37_璐蒂‧泰鐸（Ruti_G._Teitel）_與轉型中的臺灣相遇.pdf,,pdf_text/1322_37_璐蒂‧泰鐸（Ruti_G._Teitel）_與轉型中的臺灣相遇.txt,4,,1915,
1322,研之得法─中央研究院法律學研究所成立十週年文集,2021-11,法學叢書,目 錄,法學的必要性與問題性,李建良,321-352,https://publication.iias.sinica.edu.tw/03718012.pdf,pdf,pdf/1322_38_李建良_法學的必要性與問題性.pdf,,pdf_text/1322_38_李建良_法學的必要性與問題性.txt,32,,39884,
1322,研之得法─中央研究院法律學研究所成立十週年文集,2021-11,法學叢書,目 錄,四分溪畔的意外法律之旅,簡資修,353-380,https://publication.iias.sinica.edu.tw/52616012.pdf,pdf,pdf/1322_39_簡資修_四分溪畔的意外法律之旅.pdf,,pdf_text/1322_39_簡資修_四分溪畔的意外法律之旅.txt,28,,11462,
1322,研之得法─中央研究院法律學研究所成立十週年文集,2021-11,法學叢書,目 錄,中央研究院法律學研究所成立十週年感言,林子儀,381-386,https://publication.iias.sinica.edu.tw/72419012.pdf,pdf,pdf/1322_40_林子儀_中央研究院法律學研究所成立十週年感言.pdf,,pdf_text/1322_40_林子儀_中央研究院法律學研究所成立十週年感言.txt,6,,5630,
1322,研之得法─中央研究院法律學研究所成立十週年文集,2021-11,法學叢書,目 錄,行政審判權與憲法審判權 ──兼談德國「裁判憲法訴願」制度,劉淑範,387-415,https://publication.iias.sinica.edu.tw/13610812.pdf,pdf,pdf/1322_41_劉淑範_行政審判權與憲法審判權 ──兼談德國「裁判憲法訴願」制度.pdf,,pdf_text/1322_41_劉淑範_行政審判權與憲法審判權 ──兼談德國「裁判憲法訴願」制度.txt,30,,32419,
1322,研之得法─中央研究院法律學研究所成立十週年文集,2021-11,法學叢書,目 錄,近十年個人研究之回顧與展望,黃舒芃,417-424,https://publication.iias.sinica.edu.tw/90617012.pdf,pdf,pdf/1322_42_黃舒芃_近十年個人研究之回顧與展望.pdf,,pdf_text/1322_42_黃舒芃_近十年個人研究之回顧與展望.txt,8,,9909,
1322,研之得法─中央研究院法律學研究所成立十週年文集,2021-11,法學叢書,目 錄,企業人權責任之國際規範發展,廖福特,425-442,https://publication.iias.sinica.edu.tw/01518012.pdf,pdf,pdf/1322_43_廖福特_企業人權責任之國際規範發展.pdf,,pdf_text/1322_43_廖福特_企業人權責任之國際規範發展.txt,18,,26854,
1322,研之得法─中央研究院法律學研究所成立十週年文集,2021-11,法學叢書,目 錄,新私法學,張永健,443-460,https://publication.iias.sinica.edu.tw/32617012.pdf,pdf,pdf/1322_44_張永健_新私法學.pdf,,pdf_text/1322_44_張永健_新私法學.txt,18,,21479,
1322,研之得法─中央研究院法律學研究所成立十週年文集,2021-11,法學叢書,目 錄,Digital Development and Privacy: Is There a Way to Alleviate the Uneasy Tension?,邱文聰,461-474,https://publication.iias.sinica.edu.tw/91717012.pdf,pdf,pdf/1322_45_邱文聰_Digital Development and Privacy： Is There a Way to Alleviate the Uneasy Tension.pdf,,pdf_text/1322_45_邱文聰_Digital Development and Privacy： Is There a Way to Alleviate the Uneasy Tension.txt,14,,26446,
1322,研之得法─中央研究院法律學研究所成立十週年文集,2021-11,法學叢書,目 錄,建構「以人為主體」的比較行政法,黃丞儀,475-502,https://publication.iias.sinica.edu.tw/32417012.pdf,pdf,pdf/1322_46_黃丞儀_建構「以人為主體」的比較行政法.pdf,,pdf_text/1322_46_黃丞儀_建構「以人為主體」的比較行政法.txt,28,,38581,
1322,研之得法─中央研究院法律學研究所成立十週年文集,2021-11,法學叢書,目 錄,初探法國COVID-19防疫的法制特點,王必芳,503-548,https://publication.iias.sinica.edu.tw/31618012.pdf,pdf,pdf/1322_47_王必芳_初探法國COVID-19防疫的法制特點.pdf,,pdf_text/1322_47_王必芳_初探法國COVID-19防疫的法制特點.txt,46,,61338,
1322,研之得法─中央研究院法律學研究所成立十週年文集,2021-11,法學叢書,目 錄,淺談原住民族之健康人權保障,吳全峰,549-571,https://publication.iias.sinica.edu.tw/72118012.pdf,pdf,pdf/1322_48_吳全峰_淺談原住民族之健康人權保障.pdf,,pdf_text/1322_48_吳全峰_淺談原住民族之健康人權保障.txt,24,,35144,
1322,研之得法─中央研究院法律學研究所成立十週年文集,2021-11,法學叢書,目 錄,「歷史記憶的倫理」研究計畫學思歷程,許家馨、陳冠廷,573-585,https://publication.iias.sinica.edu.tw/40618012.pdf,pdf,pdf/1322_49_許家馨_陳冠廷_「歷史記憶的倫理」研究計畫學思歷程.pdf,,pdf_text/1322_49_許家馨_陳冠廷_「歷史記憶的倫理」研究計畫學思歷程.txt,14,,12963,
1322,研之得法─中央研究院法律學研究所成立十週年文集,2021-11,法學叢書,目 錄,政黨管制作為憲政工程,蘇彥圖,587-625,https://publication.iias.sinica.edu.tw/60818012.pdf,pdf,pdf/1322_50_蘇彥圖_政黨管制作為憲政工程.pdf,,pdf_text/1322_50_蘇彥圖_政黨管制作為憲政工程.txt,40,,62802,
1322,研之得法─中央研究院法律學研究所成立十週年文集,2021-11,法學叢書,目 錄,蘇俊雄文書介紹,吳宗謀,627-637,https://publication.iias.sinica.edu.tw/02908012.pdf,pdf,pdf/1322_51_吳宗謀_蘇俊雄文書介紹.pdf,,pdf_text/1322_51_吳宗謀_蘇俊雄文書介紹.txt,12,,9036,
1322,研之得法─中央研究院法律學研究所成立十週年文集,2021-11,法學叢書,目 錄,Modernization as a Judicial Function in East Asia,林建志,639-687,https://publication.iias.sinica.edu.tw/21518012.pdf,pdf,pdf/1322_52_林建志_Modernization as a Judicial Function in East Asia.pdf,,pdf_text/1322_52_林建志_Modernization as a Judicial Function in East Asia.txt,50,,105686,
1322,研之得法─中央研究院法律學研究所成立十週年文集,2021-11,法學叢書,目 錄,臺灣民法釋義學 ──回顧與前瞻,黃松茂,689-702,https://publication.iias.sinica.edu.tw/62327012.pdf,pdf,pdf/1322_53_黃松茂_臺灣民法釋義學 ──回顧與前瞻.pdf,,pdf_text/1322_53_黃松茂_臺灣民法釋義學 ──回顧與前瞻.txt,14,,17130,
1322,研之得法─中央研究院法律學研究所成立十週年文集,2021-11,法學叢書,目 錄,在臺灣研究中國法是否搞錯了什麼,陳玉潔,703-716,https://publication.iias.sinica.edu.tw/21618012.pdf,pdf,pdf/1322_54_陳玉潔_在臺灣研究中國法是否搞錯了什麼.pdf,,pdf_text/1322_54_陳玉潔_在臺灣研究中國法是否搞錯了什麼.txt,14,,16687,
1322,研之得法─中央研究院法律學研究所成立十週年文集,2021-11,法學叢書,目 錄,如果在冬夜，一個博後,楊雅雯,717-720,https://publication.iias.sinica.edu.tw/90717012.pdf,pdf,pdf/1322_55_楊雅雯_如果在冬夜，一個博後.pdf,,pdf_text/1322_55_楊雅雯_如果在冬夜，一個博後.txt,4,,3466,
1322,研之得法─中央研究院法律學研究所成立十週年文集,2021-11,法學叢書,目 錄,應作迴歸觀 ──資料、不確定性與人工智慧法學,何漢葳,721-743,https://publication.iias.sinica.edu.tw/40518012.pdf,pdf,pdf/1322_56_何漢葳_應作迴歸觀 ──資料、不確定性與人工智慧法學.pdf,,pdf_text/1322_56_何漢葳_應作迴歸觀 ──資料、不確定性與人工智慧法學.txt,24,,25521,
1297,第29期,2021-09,法學期刊,總目錄,論Thomas Scanlon的彌爾式原則及其修正 —從言論自由自主理論的角度分析,蘇慧婕,1-54,https://publication.iias.sinica.edu.tw/40718012.pdf,pdf,pdf/1297_01_蘇慧婕_論Thomas Scanlon的彌爾式原則及其修正 —從言論自由自主理論的角度分析.pdf,,pdf_text/1297_01_蘇慧婕_論Thomas Scanlon的彌爾式原則及其修正 —從言論自由自主理論的角度分析.txt,54,,62780,
1297,第29期,2021-09,法學期刊,總目錄,可疑的動機、有限的認識能力 —內容中立性的理論反思,程源中,55-133,https://publication.iias.sinica.edu.tw/10517012.pdf,pdf,pdf/1297_02_程源中_可疑的動機、有限的認識能力 —內容中立性的理論反思.pdf,,pdf_text/1297_02_程源中_可疑的動機、有限的認識能力 —內容中立性的理論反思.txt,79,,85087,
1297,第29期,2021-09,法學期刊,總目錄,論原意主義的憲法解釋方法論 —對於中立化與語言規範性的初步反省,陳弘儒,135-224,https://publication.iias.sinica.edu.tw/40418012.pdf,pdf,pdf/1297_03_陳弘儒_論原意主義的憲法解釋方法論 —對於中立化與語言規範性的初步反省.pdf,,pdf_text/1297_03_陳弘儒_論原意主義的憲法解釋方法論 —對於中立化與語言規範性的初步反省.txt,90,,107458,
1297,第29期,2021-09,法學期刊,總目錄,累犯加重其刑之憲法上限制 —論美國法對我國法之啟示,林茂弘,225-305,https://publication.iias.sinica.edu.tw/32027012.pdf,pdf,pdf/1297_04_林茂弘_累犯加重其刑之憲法上限制 —論美國法對我國法之啟示.pdf,,pdf_text/1297_04_林茂弘_累犯加重其刑之憲法上限制 —論美國法對我國法之啟示.txt,81,,87024,
1297,第29期,2021-09,法學期刊,總目錄,政府採購之迅速及有效救濟原則 —國際法要求與我國立法及司法實踐之評析,陳錫平,307-401,https://publication.iias.sinica.edu.tw/01416012.pdf,pdf,pdf/1297_05_陳錫平_政府採購之迅速及有效救濟原則 —國際法要求與我國立法及司法實踐之評析.pdf,,pdf_text/1297_05_陳錫平_政府採購之迅速及有效救濟原則 —國際法要求與我國立法及司法實踐之評析.txt,95,,121390,
1297,第29期,2021-09,法學期刊,總目錄,,,,,,,,,,,,
1239,第28期,2021-03,法學期刊,,不法挑唆與正當防衛,薛智仁,1-72,https://publication.iias.sinica.edu.tw/62711012.pdf,pdf,pdf/1239_01_薛智仁_不法挑唆與正當防衛.pdf,,pdf_text/1239_01_薛智仁_不法挑唆與正當防衛.txt,72,,82118,
1239,第28期,2021-03,法學期刊,,商品自傷民事責任之研究,顏佑紘,73-160,https://publication.iias.sinica.edu.tw/12011012.pdf,pdf,pdf/1239_02_顏佑紘_商品自傷民事責任之研究.pdf,,pdf_text/1239_02_顏佑紘_商品自傷民事責任之研究.txt,88,,100125,
1239,第28期,2021-03,法學期刊,,任意規定 —自治的任意或任意的預設,簡資修,161-210,https://publication.iias.sinica.edu.tw/22611012.pdf,pdf,pdf/1239_03_簡資修_任意規定 —自治的任意或任意的預設.pdf,,pdf_text/1239_03_簡資修_任意規定 —自治的任意或任意的預設.txt,50,,52857,
1239,第28期,2021-03,法學期刊,,跨越國境的勞動平權？ —論勞動權利之平等保護面對「暫時性跨國移工制度」之侷限,楊雅雯,211-285,https://publication.iias.sinica.edu.tw/82411012.pdf,pdf,pdf/1239_04_楊雅雯_跨越國境的勞動平權？ —論勞動權利之平等保護面對「暫時性跨國移工制度」之侷限.pdf,,pdf_text/1239_04_楊雅雯_跨越國境的勞動平權？ —論勞動權利之平等保護面對「暫時性跨國移工制度」之侷限.txt,75,,91343,
1239,第28期,2021-03,法學期刊,,論自動駕駛碰撞事故之刑法上評價 —以電車兩難困境難題為討論中心,黃奕文,287-357,https://publication.iias.sinica.edu.tw/90513021.pdf,pdf,pdf/1239_05_黃奕文_論自動駕駛碰撞事故之刑法上評價 —以電車兩難困境難題為討論中心.pdf,,pdf_text/1239_05_黃奕文_論自動駕駛碰撞事故之刑法上評價 —以電車兩難困境難題為討論中心.txt,71,,86830,
1210,法的理性—吳庚教授紀念論文集 下冊,2020-12,法學叢書,總目錄,所長序,,i,https://publication.iias.sinica.edu.tw/42612102.pdf,pdf,pdf/1210_01_untitled_所長序.pdf,,pdf_text/1210_01_untitled_所長序.txt,1,,621,
1210,法的理性—吳庚教授紀念論文集 下冊,2020-12,法學叢書,總目錄,主編序,,iii-v,https://publication.iias.sinica.edu.tw/42712102.pdf,pdf,pdf/1210_02_untitled_主編序.pdf,,pdf_text/1210_02_untitled_主編序.txt,3,,2513,
1210,法的理性—吳庚教授紀念論文集 下冊,2020-12,法學叢書,總目錄,義理與方法 —吳庚教授憲法詮釋學尋繹,李建良,427-487,https://publication.iias.sinica.edu.tw/61410102.pdf,pdf,pdf/1210_03_李建良_義理與方法 —吳庚教授憲法詮釋學尋繹.pdf,,pdf_text/1210_03_李建良_義理與方法 —吳庚教授憲法詮釋學尋繹.txt,61,,71724,
1210,法的理性—吳庚教授紀念論文集 下冊,2020-12,法學叢書,總目錄,從〈洪範〉到憲法典 —天命哲學的典範轉移,李念祖 頁碼 489-557,,https://publication.iias.sinica.edu.tw/02510102.pdf,pdf,pdf/1210_04_李念祖_頁碼_489-557_從〈洪範〉到憲法典 —天命哲學的典範轉移.pdf,,pdf_text/1210_04_李念祖_頁碼_489-557_從〈洪範〉到憲法典 —天命哲學的典範轉移.txt,69,,80911,
1210,法的理性—吳庚教授紀念論文集 下冊,2020-12,法學叢書,總目錄,論憲法解釋原則,陳淳文 頁碼 559-627,,https://publication.iias.sinica.edu.tw/40411102.pdf,pdf,pdf/1210_05_陳淳文_頁碼_559-627_論憲法解釋原則.pdf,,pdf_text/1210_05_陳淳文_頁碼_559-627_論憲法解釋原則.txt,69,,71109,
1210,法的理性—吳庚教授紀念論文集 下冊,2020-12,法學叢書,總目錄,論地方自治團體之憲法訴訟權 —德國法之比較,黃錦堂,629-696,https://publication.iias.sinica.edu.tw/82110102.pdf,pdf,pdf/1210_06_黃錦堂_論地方自治團體之憲法訴訟權 —德國法之比較.pdf,,pdf_text/1210_06_黃錦堂_論地方自治團體之憲法訴訟權 —德國法之比較.txt,68,,68542,
1210,法的理性—吳庚教授紀念論文集 下冊,2020-12,法學叢書,總目錄,上帝不雇用同志？ —雇主得否以宗教理由對同志差別待遇？,廖元豪,697-717,https://publication.iias.sinica.edu.tw/03410102.pdf,pdf,pdf/1210_07_廖元豪_上帝不雇用同志？ —雇主得否以宗教理由對同志差別待遇？.pdf,,pdf_text/1210_07_廖元豪_上帝不雇用同志？ —雇主得否以宗教理由對同志差別待遇？.txt,21,,19772,
1210,法的理性—吳庚教授紀念論文集 下冊,2020-12,法學叢書,總目錄,從憲法理論檢視國際法在臺灣的效力,蔡季廷,719-754,https://publication.iias.sinica.edu.tw/21011102.pdf,pdf,pdf/1210_08_蔡季廷_從憲法理論檢視國際法在臺灣的效力.pdf,,pdf_text/1210_08_蔡季廷_從憲法理論檢視國際法在臺灣的效力.txt,36,,37228,
1210,法的理性—吳庚教授紀念論文集 下冊,2020-12,法學叢書,總目錄,政府網路資訊的法拘束性 —從美國法上禁反言原則對行政機關的（不）適用談起,劉定基,755-784,https://publication.iias.sinica.edu.tw/82510102.pdf,pdf,pdf/1210_09_劉定基_政府網路資訊的法拘束性 —從美國法上禁反言原則對行政機關的（不）適用談起.pdf,,pdf_text/1210_09_劉定基_政府網路資訊的法拘束性 —從美國法上禁反言原則對行政機關的（不）適用談起.txt,30,,30132,
1210,法的理性—吳庚教授紀念論文集 下冊,2020-12,法學叢書,總目錄,論法國總統人事任命權,鍾國允,785-840,https://publication.iias.sinica.edu.tw/60411102.pdf,pdf,pdf/1210_10_鍾國允_論法國總統人事任命權.pdf,,pdf_text/1210_10_鍾國允_論法國總統人事任命權.txt,56,,76186,
1210,法的理性—吳庚教授紀念論文集 下冊,2020-12,法學叢書,總目錄,制度必然還是歷史偶然？ —從十個觀點評析司法院建構的裁判憲法審查制度,蘇永欽,841-882,https://publication.iias.sinica.edu.tw/31418002.pdf,pdf,pdf/1210_11_蘇永欽_制度必然還是歷史偶然？ —從十個觀點評析司法院建構的裁判憲法審查制度.pdf,,pdf_text/1210_11_蘇永欽_制度必然還是歷史偶然？ —從十個觀點評析司法院建構的裁判憲法審查制度.txt,42,,41653,
1209,法的理性—吳庚教授紀念論文集 上冊,2020-12,法學叢書,總目錄,所長序,,i,https://publication.iias.sinica.edu.tw/42612102.pdf,pdf,pdf/1210_01_untitled_所長序.pdf,,pdf_text/1210_01_untitled_所長序.txt,1,,621,
1209,法的理性—吳庚教授紀念論文集 上冊,2020-12,法學叢書,總目錄,主編序：法的理性,,iii-v,https://publication.iias.sinica.edu.tw/42712102.pdf,pdf,pdf/1210_02_untitled_主編序.pdf,,pdf_text/1210_02_untitled_主編序.txt,3,,2513,
1209,法的理性—吳庚教授紀念論文集 上冊,2020-12,法學叢書,總目錄,從回應式規制到反思式規制 —兼論反思勞動法,李俊增,1-53,https://publication.iias.sinica.edu.tw/51119002.pdf,pdf,pdf/1209_03_李俊增_從回應式規制到反思式規制 —兼論反思勞動法.pdf,,pdf_text/1209_03_李俊增_從回應式規制到反思式規制 —兼論反思勞動法.txt,53,,51690,
1209,法的理性—吳庚教授紀念論文集 上冊,2020-12,法學叢書,總目錄,馬基維利主義、國家理性說與暴君放伐論 —思想史的考察與政治哲學的反思,蕭高彥,55-105,https://publication.iias.sinica.edu.tw/82410102.pdf,pdf,pdf/1209_04_蕭高彥_馬基維利主義、國家理性說與暴君放伐論 —思想史的考察與政治哲學的反思.pdf,,pdf_text/1209_04_蕭高彥_馬基維利主義、國家理性說與暴君放伐論 —思想史的考察與政治哲學的反思.txt,51,,55971,
1209,法的理性—吳庚教授紀念論文集 上冊,2020-12,法學叢書,總目錄,相當因果關係與社會科學方法論 —由韋伯以及賴德布魯赫談起,顏厥安,107-188,https://publication.iias.sinica.edu.tw/71011102.pdf,pdf,pdf/1209_05_顏厥安_相當因果關係與社會科學方法論 —由韋伯以及賴德布魯赫談起.pdf,,pdf_text/1209_05_顏厥安_相當因果關係與社會科學方法論 —由韋伯以及賴德布魯赫談起.txt,82,,94153,
1209,法的理性—吳庚教授紀念論文集 上冊,2020-12,法學叢書,總目錄,行政決定之「法令基準時」與「事實基準時」 —兼論其對於訴願決定基準時之影響,林三欽,189-213,https://publication.iias.sinica.edu.tw/30511102.pdf,pdf,pdf/1209_06_林三欽_行政決定之「法令基準時」與「事實基準時」 —兼論其對於訴願決定基準時之影響.pdf,,pdf_text/1209_06_林三欽_行政決定之「法令基準時」與「事實基準時」 —兼論其對於訴願決定基準時之影響.txt,25,,19774,
1209,法的理性—吳庚教授紀念論文集 上冊,2020-12,法學叢書,總目錄,瑞士抽象法規審查制度 —以瑞士蘇黎世邦行政法院裁判為例,林明鏘,215-234,https://publication.iias.sinica.edu.tw/70510102.pdf,pdf,pdf/1209_07_林明鏘_瑞士抽象法規審查制度 —以瑞士蘇黎世邦行政法院裁判為例.pdf,,pdf_text/1209_07_林明鏘_瑞士抽象法規審查制度 —以瑞士蘇黎世邦行政法院裁判為例.txt,20,,19041,
1209,法的理性—吳庚教授紀念論文集 上冊,2020-12,法學叢書,總目錄,行政契約之定義與適用 —由吳庚教授之學說出發,吳秦雯,235-279,https://publication.iias.sinica.edu.tw/20511102.pdf,pdf,pdf/1209_08_吳秦雯_行政契約之定義與適用 —由吳庚教授之學說出發.pdf,,pdf_text/1209_08_吳秦雯_行政契約之定義與適用 —由吳庚教授之學說出發.txt,45,,40885,
1209,法的理性—吳庚教授紀念論文集 上冊,2020-12,法學叢書,總目錄,租稅法上責任債務之憲法界限 —以股東可扣抵稅額超額分配責任為中心,盛子龍,281-310,https://publication.iias.sinica.edu.tw/61910102.pdf,pdf,pdf/1209_09_盛子龍_租稅法上責任債務之憲法界限 —以股東可扣抵稅額超額分配責任為中心.pdf,,pdf_text/1209_09_盛子龍_租稅法上責任債務之憲法界限 —以股東可扣抵稅額超額分配責任為中心.txt,30,,26319,
1209,法的理性—吳庚教授紀念論文集 上冊,2020-12,法學叢書,總目錄,「學術倫理規範」之研究,陳清秀,311-360,https://publication.iias.sinica.edu.tw/21511102.pdf,pdf,pdf/1209_10_陳清秀_「學術倫理規範」之研究.pdf,,pdf_text/1209_10_陳清秀_「學術倫理規範」之研究.txt,50,,45417,
1209,法的理性—吳庚教授紀念論文集 上冊,2020-12,法學叢書,總目錄,論行政訴訟訴訟和解之效力,張文郁,361-426,https://publication.iias.sinica.edu.tw/82010102.pdf,pdf,pdf/1209_11_張文郁_論行政訴訟訴訟和解之效力.pdf,,pdf_text/1209_11_張文郁_論行政訴訟訴訟和解之效力.txt,66,,71593,
1166,第27期,2020-09,法學期刊,總目錄,Judges’ Conscience and Constitutional Reasoning,長谷部恭男,1-28,https://publication.iias.sinica.edu.tw/31117002.pdf,pdf,pdf/1166_01_長谷部恭男_Judges’ Conscience and Constitutional Reasoning.pdf,,pdf_text/1166_01_長谷部恭男_Judges’ Conscience and Constitutional Reasoning.txt,28,,55584,
1166,第27期,2020-09,法學期刊,總目錄,法官的良心與憲法推理,,29-53,https://publication.iias.sinica.edu.tw/62418002.pdf,pdf,pdf/1166_02_untitled_法官的良心與憲法推理.pdf,,pdf_text/1166_02_untitled_法官的良心與憲法推理.txt,25,,26722,
1166,第27期,2020-09,法學期刊,總目錄,過失犯的預見可能性與迴避可能性 —建構過失歸責的理論嘗試,許恒達,55-139,https://publication.iias.sinica.edu.tw/13017002.pdf,pdf,pdf/1166_03_許恒達_過失犯的預見可能性與迴避可能性 —建構過失歸責的理論嘗試.pdf,,pdf_text/1166_03_許恒達_過失犯的預見可能性與迴避可能性 —建構過失歸責的理論嘗試.txt,85,,88660,
1166,第27期,2020-09,法學期刊,總目錄,論我國影子銀行的金融系統性風險審慎監管 —以強化中央銀行最後貸款人機制為中心,楊岳平,141-230,https://publication.iias.sinica.edu.tw/42618002.pdf,pdf,pdf/1166_04_楊岳平_論我國影子銀行的金融系統性風險審慎監管 —以強化中央銀行最後貸款人機制為中心.pdf,,pdf_text/1166_04_楊岳平_論我國影子銀行的金融系統性風險審慎監管 —以強化中央銀行最後貸款人機制為中心.txt,90,,103604,
1166,第27期,2020-09,法學期刊,總目錄,物權法經濟分析的方法論之路 —評張永健教授《物權法之經濟分析—所有權》及相關論文,賀 劍,231-292,https://publication.iias.sinica.edu.tw/80617002.pdf,pdf,pdf/1166_05_賀_劍_物權法經濟分析的方法論之路 —評張永健教授《物權法之經濟分析—所有權》及相關論文.pdf,,pdf_text/1166_05_賀_劍_物權法經濟分析的方法論之路 —評張永健教授《物權法之經濟分析—所有權》及相關論文.txt,62,,63290,
1166,第27期,2020-09,法學期刊,總目錄,經濟人的法經濟學vs法律人的法經濟分析 —答賀劍教授等師友之書評,張永健,293-344,https://publication.iias.sinica.edu.tw/61517002.pdf,pdf,pdf/1166_06_張永健_經濟人的法經濟學vs法律人的法經濟分析 —答賀劍教授等師友之書評.pdf,,pdf_text/1166_06_張永健_經濟人的法經濟學vs法律人的法經濟分析 —答賀劍教授等師友之書評.txt,52,,55359,
1166,第27期,2020-09,法學期刊,總目錄,法律規範性理論的「無心」之過？ —以哈特與拉茲之理論為核心的反思,陳冠廷,345-406,https://publication.iias.sinica.edu.tw/22417002.pdf,pdf,pdf/1166_07_陳冠廷_法律規範性理論的「無心」之過？ —以哈特與拉茲之理論為核心的反思.pdf,,pdf_text/1166_07_陳冠廷_法律規範性理論的「無心」之過？ —以哈特與拉茲之理論為核心的反思.txt,62,,65962,
1137,憲法解釋之理論與實務（第10輯）,2020-07,法學叢書,總目錄,主編序,蘇彥圖,i-ii,https://publication.iias.sinica.edu.tw/constitution_CH01.pdf,pdf,pdf/1137_01_蘇彥圖_主編序.pdf,,pdf_text/1137_01_蘇彥圖_主編序.txt,2,,1304,
1137,憲法解釋之理論與實務（第10輯）,2020-07,法學叢書,總目錄,主題演說：Judges as Guardians of the Constitution,Aharon Barak,1-23,https://publication.iias.sinica.edu.tw/70611091.pdf,pdf,pdf/1137_02_Aharon_Barak_主題演說：Judges as Guardians of the Constitution.pdf,,pdf_text/1137_02_Aharon_Barak_主題演說：Judges as Guardians of the Constitution.txt,23,,42890,
1137,憲法解釋之理論與實務（第10輯）,2020-07,法學叢書,總目錄,論壇：比較視野下的憲法裁判,蘇永欽、David S. Law、Aharon Barak,25-52,https://publication.iias.sinica.edu.tw/constitution_CH02.pdf,pdf,pdf/1137_03_蘇永欽_David_S._Law_Aharon_Barak_論壇：比較視野下的憲法裁判.pdf,,pdf_text/1137_03_蘇永欽_David_S._Law_Aharon_Barak_論壇：比較視野下的憲法裁判.txt,28,,50438,
1137,憲法解釋之理論與實務（第10輯）,2020-07,法學叢書,總目錄,法學方法與基本權解釋方法導論,李建良,53-104,https://publication.iias.sinica.edu.tw/40415002.pdf,pdf,pdf/1137_04_李建良_法學方法與基本權解釋方法導論.pdf,,pdf_text/1137_04_李建良_法學方法與基本權解釋方法導論.txt,52,,56276,
1137,憲法解釋之理論與實務（第10輯）,2020-07,法學叢書,總目錄,共識與歧異 —司法院大法官解釋的數量危機,陳英鈐,105-182,https://publication.iias.sinica.edu.tw/10116002.pdf,pdf,pdf/1137_05_陳英鈐_共識與歧異 —司法院大法官解釋的數量危機.pdf,,pdf_text/1137_05_陳英鈐_共識與歧異 —司法院大法官解釋的數量危機.txt,78,,74877,
1137,憲法解釋之理論與實務（第10輯）,2020-07,法學叢書,總目錄,純粹法學如何看待規範與現實的關係？ —以司法院釋字第728號解釋之檢討為例,黃舒芃,183-221,https://publication.iias.sinica.edu.tw/01312002.pdf,pdf,pdf/1137_06_黃舒芃_純粹法學如何看待規範與現實的關係？ —以司法院釋字第728號解釋之檢討為例.pdf,,pdf_text/1137_06_黃舒芃_純粹法學如何看待規範與現實的關係？ —以司法院釋字第728號解釋之檢討為例.txt,39,,46971,
1137,憲法解釋之理論與實務（第10輯）,2020-07,法學叢書,總目錄,殊途不同歸？ —美國與加拿大女性主義憲法動員的比較,陳昭如,223-275,https://publication.iias.sinica.edu.tw/41011191.pdf,pdf,pdf/1137_07_陳昭如_殊途不同歸？ —美國與加拿大女性主義憲法動員的比較.pdf,,pdf_text/1137_07_陳昭如_殊途不同歸？ —美國與加拿大女性主義憲法動員的比較.txt,53,,71016,
1137,憲法解釋之理論與實務（第10輯）,2020-07,法學叢書,總目錄,行政命令的司法審查 —以最高行政法院判決為中心,張文貞,277-299,https://publication.iias.sinica.edu.tw/41414002.pdf,pdf,pdf/1137_08_張文貞_行政命令的司法審查 —以最高行政法院判決為中心.pdf,,pdf_text/1137_08_張文貞_行政命令的司法審查 —以最高行政法院判決為中心.txt,23,,17065,
1137,憲法解釋之理論與實務（第10輯）,2020-07,法學叢書,總目錄,一般法院的憲法解釋 —關廠工人案,林佳和,301-354,https://publication.iias.sinica.edu.tw/51416002.pdf,pdf,pdf/1137_09_林佳和_一般法院的憲法解釋 —關廠工人案.pdf,,pdf_text/1137_09_林佳和_一般法院的憲法解釋 —關廠工人案.txt,54,,61268,
1137,憲法解釋之理論與實務（第10輯）,2020-07,法學叢書,總目錄,新聞自由與記者的侵犯隱私行為 —以業務上正當行為的解釋為中心,許恒達,355-437,https://publication.iias.sinica.edu.tw/52412002.pdf,pdf,pdf/1137_10_許恒達_新聞自由與記者的侵犯隱私行為 —以業務上正當行為的解釋為中心.pdf,,pdf_text/1137_10_許恒達_新聞自由與記者的侵犯隱私行為 —以業務上正當行為的解釋為中心.txt,83,,84870,
1137,憲法解釋之理論與實務（第10輯）,2020-07,法學叢書,總目錄,臺灣原住民族身分認定之地方自治權限 —從平埔族群爭取身分認定之案例談起,吳秦雯,439-484,https://publication.iias.sinica.edu.tw/91415002.pdf,pdf,pdf/1137_11_吳秦雯_臺灣原住民族身分認定之地方自治權限 —從平埔族群爭取身分認定之案例談起.pdf,,pdf_text/1137_11_吳秦雯_臺灣原住民族身分認定之地方自治權限 —從平埔族群爭取身分認定之案例談起.txt,46,,43088,
1137,憲法解釋之理論與實務（第10輯）,2020-07,法學叢書,總目錄,論地籍資料公開收取規費之中央地方權限歸屬,辛年豐,485-532,https://publication.iias.sinica.edu.tw/11415002.pdf,pdf,pdf/1137_12_辛年豐_論地籍資料公開收取規費之中央地方權限歸屬.pdf,,pdf_text/1137_12_辛年豐_論地籍資料公開收取規費之中央地方權限歸屬.txt,48,,42215,
1137,憲法解釋之理論與實務（第10輯）,2020-07,法學叢書,總目錄,司法審查、選舉制度與民主代表性 —從司法院釋字第721號解釋談起,林春元,533-588,https://publication.iias.sinica.edu.tw/60015002.pdf,pdf,pdf/1137_13_林春元_司法審查、選舉制度與民主代表性 —從司法院釋字第721號解釋談起.pdf,,pdf_text/1137_13_林春元_司法審查、選舉制度與民主代表性 —從司法院釋字第721號解釋談起.txt,56,,56361,
1137,憲法解釋之理論與實務（第10輯）,2020-07,法學叢書,總目錄,司法審查作為憲政工程 —結構最小主義的提議,蘇彥圖,589-664,https://publication.iias.sinica.edu.tw/60115002.pdf,pdf,pdf/1137_14_蘇彥圖_司法審查作為憲政工程 —結構最小主義的提議.pdf,,pdf_text/1137_14_蘇彥圖_司法審查作為憲政工程 —結構最小主義的提議.txt,76,,96759,
905,第 26 期,2020-03,法學期刊,總目錄,生醫研究參與者對個別研究結果之近用 法律適用與政策形塑,陳仲嶙,1-83,https://publication.iias.sinica.edu.tw/03021002.pdf,pdf,pdf/905_01_陳仲嶙_生醫研究參與者對個別研究結果之近用 法律適用與政策形塑.pdf,,pdf_text/905_01_陳仲嶙_生醫研究參與者對個別研究結果之近用 法律適用與政策形塑.txt,83,,96932,
905,第 26 期,2020-03,法學期刊,總目錄,詐欺罪的財產損害與被害人之錯誤 法益關係錯誤說的應用嘗試,黃士軒,85-165,https://publication.iias.sinica.edu.tw/41011002.pdf,pdf,pdf/905_02_黃士軒_詐欺罪的財產損害與被害人之錯誤 法益關係錯誤說的應用嘗試.pdf,,pdf_text/905_02_黃士軒_詐欺罪的財產損害與被害人之錯誤 法益關係錯誤說的應用嘗試.txt,81,,75345,
905,第 26 期,2020-03,法學期刊,總目錄,論罷工事件之定暫時狀態處分,邱羽凡,167-239,https://publication.iias.sinica.edu.tw/02512002.pdf,pdf,pdf/905_03_邱羽凡_論罷工事件之定暫時狀態處分.pdf,,pdf_text/905_03_邱羽凡_論罷工事件之定暫時狀態處分.txt,73,,76014,
905,第 26 期,2020-03,法學期刊,總目錄,習慣法之形成、承認與效力 談 Siegfried Brie 之「習慣法之學說」,黃松茂,241-309,https://publication.iias.sinica.edu.tw/01612002.pdf,pdf,pdf/905_04_黃松茂_習慣法之形成、承認與效力 談 Siegfried Brie 之「習慣法之學說」.pdf,,pdf_text/905_04_黃松茂_習慣法之形成、承認與效力 談 Siegfried Brie 之「習慣法之學說」.txt,69,,83140,
893,Selection and Decision in Judicial Process around the World: Empirical Inquire,2019-12,外文出版品,總目錄,Introduction,Yun-chien Chang,1-5,,,,,,,,,
893,Selection and Decision in Judicial Process around the World: Empirical Inquire,2019-12,外文出版品,總目錄,1. Do Patent Law Suits Target Invalid Patents?,"Michael D. Frakes, Melissa F. Wasserman",6 -29,,,,,,,,,
893,Selection and Decision in Judicial Process around the World: Empirical Inquire,2019-12,外文出版品,總目錄,2. Platform Procedure Using Technology to Facilitate (Efficient) Civil Settlement,"J. J. Prescott, Alexander Sanchez",30 -72,,,,,,,,,
893,Selection and Decision in Judicial Process around the World: Empirical Inquire,2019-12,外文出版品,總目錄,3. Speedy Adjudication in Hard Cases and Low Settlement Rates in Easy Cases An Empirical Analysis of Taiwanese Courts with Comparison to US Federal Courts,"Yun-chien Chang, William H. J. Hubbard",73 -109,,,,,,,,,
893,Selection and Decision in Judicial Process around the World: Empirical Inquire,2019-12,外文出版品,總目錄,4. How Lower Courts Respond to a Change in a Legal Rule,Anthony Niblett,110 -131,,,,,,,,,
893,Selection and Decision in Judicial Process around the World: Empirical Inquire,2019-12,外文出版品,總目錄,5. Career Judge System and Court Decision Biases Preliminary Evidence from Japan,"Hatsuru Morita, Manabu Matsunaka",132-159,,,,,,,,,
893,Selection and Decision in Judicial Process around the World: Empirical Inquire,2019-12,外文出版品,總目錄,6. Judges Avoid Ex Post but Not Ex Ante Inefficiency Theory and Empirical Evidence from Taiwan,Yun-chien Chang,160-178,,,,,,,,,
893,Selection and Decision in Judicial Process around the World: Empirical Inquire,2019-12,外文出版品,總目錄,7. When Winning Is Not Enough Prevailing-Party Civil Appeals in State Courts,Michael Heise,179-203,,,,,,,,,
893,Selection and Decision in Judicial Process around the World: Empirical Inquire,2019-12,外文出版品,總目錄,8. The Evolution of Case Influence in Modern Consumer Standard Form Contracts,Florencia Marotta-Wurgler,204-222,,,,,,,,,
893,Selection and Decision in Judicial Process around the World: Empirical Inquire,2019-12,外文出版品,總目錄,9. Judging Insurance Antidiscrimination Law,"Ronen Avraham, Alma Cohen and Ity Shurtz",223-241,,,,,,,,,
893,Selection and Decision in Judicial Process around the World: Empirical Inquire,2019-12,外文出版品,總目錄,10. Are Judges Harsher with Repeat Offenders? Evidence from the European Court of Human Rights,"Eric Langlais, Alessandro Melcarne and Giovanni Ramello",242-260,,,,,,,,,
893,Selection and Decision in Judicial Process around the World: Empirical Inquire,2019-12,外文出版品,總目錄,11. Does Efficiency Trump Legality? The Case of the German Constitutional Court,Christoph Engel,261-286,,,,,,,,,
892,2019 特刊 2 吳庚教授紀念特刊,2019-12,法學期刊,總目錄,出刊辭,李建良,N/A,https://publication.iias.sinica.edu.tw/journal2019S2ch00.pdf,pdf,pdf/892_01_李建良_出刊辭.pdf,,pdf_text/892_01_李建良_出刊辭.txt,1,,736,
892,2019 特刊 2 吳庚教授紀念特刊,2019-12,法學期刊,總目錄,主編序,陳淳文,N/A,https://publication.iias.sinica.edu.tw/journal2019S2ch01.pdf,pdf,pdf/892_02_陳淳文_主編序.pdf,,pdf_text/892_02_陳淳文_主編序.txt,2,,1415,
892,2019 特刊 2 吳庚教授紀念特刊,2019-12,法學期刊,總目錄,馬基維利主義、國家理性說與暴君放伐論 思想史的考察與政治哲學的反思,蕭高彥,1-52,https://publication.iias.sinica.edu.tw/10011191.pdf,pdf,pdf/892_03_蕭高彥_馬基維利主義、國家理性說與暴君放伐論 思想史的考察與政治哲學的反思.pdf,,pdf_text/892_03_蕭高彥_馬基維利主義、國家理性說與暴君放伐論 思想史的考察與政治哲學的反思.txt,52,,57805,
892,2019 特刊 2 吳庚教授紀念特刊,2019-12,法學期刊,總目錄,相當因果關係與社會科學方法論 由韋伯以及賴德布魯赫談起,顏厥安,53-137,https://publication.iias.sinica.edu.tw/20912191.pdf,pdf,pdf/892_04_顏厥安_相當因果關係與社會科學方法論 由韋伯以及賴德布魯赫談起.pdf,,pdf_text/892_04_顏厥安_相當因果關係與社會科學方法論 由韋伯以及賴德布魯赫談起.txt,85,,96209,
892,2019 特刊 2 吳庚教授紀念特刊,2019-12,法學期刊,總目錄,論憲法解釋原則,陳淳文,139-209,https://publication.iias.sinica.edu.tw/11311191.pdf,pdf,pdf/892_05_陳淳文_論憲法解釋原則.pdf,,pdf_text/892_05_陳淳文_論憲法解釋原則.txt,71,,73236,
892,2019 特刊 2 吳庚教授紀念特刊,2019-12,法學期刊,總目錄,行政契約之定義與適用 由吳庚教授之學說出發,吳秦雯,211-256,https://publication.iias.sinica.edu.tw/12411191.pdf,pdf,pdf/892_06_吳秦雯_行政契約之定義與適用 由吳庚教授之學說出發.pdf,,pdf_text/892_06_吳秦雯_行政契約之定義與適用 由吳庚教授之學說出發.txt,46,,42038,
792,2019 特刊 1,2019-10,法學期刊,總目錄,出刊辭,李建良,i-ii,https://publication.iias.sinica.edu.tw/journal2019S1ch00.pdf,pdf,pdf/792_01_李建良_出刊辭.pdf,,pdf_text/792_01_李建良_出刊辭.txt,2,,1328,
792,2019 特刊 1,2019-10,法學期刊,總目錄,臺灣法律史的提出及學科化,王泰升,1-45,https://publication.iias.sinica.edu.tw/30936191.pdf,pdf,pdf/792_02_王泰升_臺灣法律史的提出及學科化.pdf,,pdf_text/792_02_王泰升_臺灣法律史的提出及學科化.txt,45,,50336,
792,2019 特刊 1,2019-10,法學期刊,總目錄,「學科化」如何成為問題？ 法史研究者的定位與展望,邱澎生,47-67,https://publication.iias.sinica.edu.tw/90415091.pdf,pdf,pdf/792_03_「學科化」如何成為問題？_法史研究者的定位與展望.pdf,,pdf_text/792_03_「學科化」如何成為問題？_法史研究者的定位與展望.txt,,,21804,
792,2019 特刊 1,2019-10,法學期刊,總目錄,回應與挑戰 評王泰升之「臺灣法律史的提出及學科化」,陳惠馨,69-99,https://publication.iias.sinica.edu.tw/80415091.pdf,pdf,pdf/792_04_陳惠馨_回應與挑戰 評王泰升之「臺灣法律史的提出及學科化」.pdf,,pdf_text/792_04_陳惠馨_回應與挑戰 評王泰升之「臺灣法律史的提出及學科化」.txt,31,,27828,
792,2019 特刊 1,2019-10,法學期刊,總目錄,此在是個大海 評王泰升之「臺灣法律史的提出及學科化」,顏厥安,101-152,https://publication.iias.sinica.edu.tw/60416091.pdf,pdf,pdf/792_05_顏厥安_此在是個大海 評王泰升之「臺灣法律史的提出及學科化」.pdf,,pdf_text/792_05_顏厥安_此在是個大海 評王泰升之「臺灣法律史的提出及學科化」.txt,52,,53124,
792,2019 特刊 1,2019-10,法學期刊,總目錄,再論臺灣法律史 對評論人的回應,王泰升,153-197,https://publication.iias.sinica.edu.tw/40616091.pdf,pdf,pdf/792_06_王泰升_再論臺灣法律史 對評論人的回應.pdf,,pdf_text/792_06_王泰升_再論臺灣法律史 對評論人的回應.txt,45,,42966,
792,2019 特刊 1,2019-10,法學期刊,總目錄,探尋臺灣財產法秩序的變遷 臺灣財產法史研究的現狀與課題,陳宛妤,199-251/li>,https://publication.iias.sinica.edu.tw/01716091.pdf,pdf,pdf/792_07_陳宛妤_探尋臺灣財產法秩序的變遷 臺灣財產法史研究的現狀與課題.pdf,,pdf_text/792_07_陳宛妤_探尋臺灣財產法秩序的變遷 臺灣財產法史研究的現狀與課題.txt,53,,50247,
792,2019 特刊 1,2019-10,法學期刊,總目錄,近三十年臺灣刑事司法史研究的回顧與展望,林政佑,253-317,https://publication.iias.sinica.edu.tw/41714091.pdf,pdf,pdf/792_08_林政佑_近三十年臺灣刑事司法史研究的回顧與展望.pdf,,pdf_text/792_08_林政佑_近三十年臺灣刑事司法史研究的回顧與展望.txt,65,,61199,
792,2019 特刊 1,2019-10,法學期刊,總目錄,臺灣法律專業社群的研究史回顧（1992-2017）,吳俊瑩,319-370,https://publication.iias.sinica.edu.tw/92513091.pdf,pdf,pdf/792_09_吳俊瑩_臺灣法律專業社群的研究史回顧（1992-2017）.pdf,,pdf_text/792_09_吳俊瑩_臺灣法律專業社群的研究史回顧（1992-2017）.txt,52,,49041,
792,2019 特刊 1,2019-10,法學期刊,總目錄,「刁婦/民」的傳統中國「（非）法」秩序 預測論、潛規則與淡新檔案中的姦拐故事,陳韻如,371-454,https://publication.iias.sinica.edu.tw/42619091.pdf,pdf,pdf/792_10_陳韻如_「刁婦／民」的傳統中國「（非）法」秩序 預測論、潛規則與淡新檔案中的姦拐故事.pdf,,pdf_text/792_10_陳韻如_「刁婦／民」的傳統中國「（非）法」秩序 預測論、潛規則與淡新檔案中的姦拐故事.txt,84,,85512,
792,2019 特刊 1,2019-10,法學期刊,總目錄,臺灣與中國經驗對於當代法律與經濟發展理論的啟發,陳維曾,455-496,https://publication.iias.sinica.edu.tw/01216091.pdf,pdf,pdf/792_11_陳維曾_臺灣與中國經驗對於當代法律與經濟發展理論的啟發.pdf,,pdf_text/792_11_陳維曾_臺灣與中國經驗對於當代法律與經濟發展理論的啟發.txt,42,,56909,
792,2019 特刊 1,2019-10,法學期刊,總目錄,看得見與看不見的勞工 青少年勞動的法律史考察,劉晏齊,497-550,https://publication.iias.sinica.edu.tw/20010191.pdf,pdf,pdf/792_12_劉晏齊_看得見與看不見的勞工 青少年勞動的法律史考察.pdf,,pdf_text/792_12_劉晏齊_看得見與看不見的勞工 青少年勞動的法律史考察.txt,54,,57312,
792,2019 特刊 1,2019-10,法學期刊,總目錄,臺灣民主化後同志人權保障之變遷 法律與社會運動的觀點,官曉薇,551-615,https://publication.iias.sinica.edu.tw/60519091.pdf,pdf,pdf/792_13_官曉薇_臺灣民主化後同志人權保障之變遷 法律與社會運動的觀點.pdf,,pdf_text/792_13_官曉薇_臺灣民主化後同志人權保障之變遷 法律與社會運動的觀點.txt,65,,76697,
57,第 25 期,2019-09,法學期刊,總目錄,出刊辭,李建良,,https://publication.iias.sinica.edu.tw/journal/journal25/journal25ch00.pdf,pdf,pdf/57_01_李建良_出刊辭.pdf,,pdf_text/57_01_李建良_出刊辭.txt,1,,697,
57,第 25 期,2019-09,法學期刊,總目錄,憲法法院作為積極立法者,許宗力,1-39,https://publication.iias.sinica.edu.tw/90617091.pdf,pdf,pdf/57_02_許宗力_憲法法院作為積極立法者.pdf,,pdf_text/57_02_許宗力_憲法法院作為積極立法者.txt,39,,36571,
57,第 25 期,2019-09,法學期刊,總目錄,從美國模範刑法典之量刑模式論我國死刑量刑準則,李佳玟,41-129,https://publication.iias.sinica.edu.tw/71017091.pdf,pdf,pdf/57_03_李佳玟_從美國模範刑法典之量刑模式論我國死刑量刑準則.pdf,,pdf_text/57_03_李佳玟_從美國模範刑法典之量刑模式論我國死刑量刑準則.txt,89,,89254,
57,第 25 期,2019-09,法學期刊,總目錄,溯及既往禁止與轉型正義 以東德邊境守衛射殺案為例,薛智仁,131-204,https://publication.iias.sinica.edu.tw/02902181.pdf,pdf,pdf/57_04_薛智仁_溯及既往禁止與轉型正義 以東德邊境守衛射殺案為例.pdf,,pdf_text/57_04_薛智仁_溯及既往禁止與轉型正義 以東德邊境守衛射殺案為例.txt,74,,90391,
57,第 25 期,2019-09,法學期刊,總目錄,國際家事管轄法之比較研究 以未成年子女親權事件為中心,陳瑋佑,205-284,https://publication.iias.sinica.edu.tw/50818091.pdf,pdf,pdf/57_05_陳瑋佑_國際家事管轄法之比較研究 以未成年子女親權事件為中心.pdf,,pdf_text/57_05_陳瑋佑_國際家事管轄法之比較研究 以未成年子女親權事件為中心.txt,80,,101064,
57,第 25 期,2019-09,法學期刊,總目錄,「一身專屬性」之理論建構 以保證契約之繼承為重心,黃詩淳、張永健,285-353,https://publication.iias.sinica.edu.tw/11517091.pdf,pdf,pdf/57_06_黃詩淳_張永健_「一身專屬性」之理論建構 以保證契約之繼承為重心.pdf,,pdf_text/57_06_黃詩淳_張永健_「一身專屬性」之理論建構 以保證契約之繼承為重心.txt,69,,68201,
56,第 24 期,2019-03,法學期刊,總目錄,戰後臺灣的「黨化司法」 —1990年代之前國民黨對司法人事的制度性掌控及其後續影響,劉恆妏 頁碼 1-86,,https://publication.iias.sinica.edu.tw/12411091.pdf,pdf,pdf/56_01_劉恆妏_頁碼_1-86_戰後臺灣的「黨化司法」 —1990年代之前國民黨對司法人事的制度性掌控及其後續影響.pdf,,pdf_text/56_01_劉恆妏_頁碼_1-86_戰後臺灣的「黨化司法」 —1990年代之前國民黨對司法人事的制度性掌控及其後續影響.txt,86,,98680,
56,第 24 期,2019-03,法學期刊,總目錄,技術移轉與利益衝突之再思考 —以美國法制下之生醫研究領域為核心,劉靜怡,87-193,https://publication.iias.sinica.edu.tw/90611091.pdf,pdf,pdf/56_02_劉靜怡_技術移轉與利益衝突之再思考 —以美國法制下之生醫研究領域為核心.pdf,,pdf_text/56_02_劉靜怡_技術移轉與利益衝突之再思考 —以美國法制下之生醫研究領域為核心.txt,107,,125037,
56,第 24 期,2019-03,法學期刊,總目錄,病人決定？醫師決定？健保決定？ —論無效醫療之成因、定義及倫理意涵,林欣柔 頁碼 195-254,,https://publication.iias.sinica.edu.tw/10214151.pdf,pdf,pdf/56_03_林欣柔_頁碼_195-254_病人決定？醫師決定？健保決定？ —論無效醫療之成因、定義及倫理意涵.pdf,,pdf_text/56_03_林欣柔_頁碼_195-254_病人決定？醫師決定？健保決定？ —論無效醫療之成因、定義及倫理意涵.txt,60,,62524,
56,第 24 期,2019-03,法學期刊,總目錄,論跨領域法律解釋適用之原則與挑戰 —以美國在地慣習與全國水準之辯證及 我國醫療常規與醫療水準之論戰為例,梁志鳴,255-361,https://publication.iias.sinica.edu.tw/52712181.pdf,pdf,pdf/56_04_梁志鳴_論跨領域法律解釋適用之原則與挑戰 —以美國在地慣習與全國水準之辯證及 我國醫療常規與醫療水準之論戰為例.pdf,,pdf_text/56_04_梁志鳴_論跨領域法律解釋適用之原則與挑戰 —以美國在地慣習與全國水準之辯證及 我國醫療常規與醫療水準之論戰為例.txt,107,,135100,
87,2015行政管制與行政爭訟 食品安全的法律對策與法治實踐,2018-12,法學專書,總目錄,主編序,李建良,i,,,,,,,,,
87,2015行政管制與行政爭訟 食品安全的法律對策與法治實踐,2018-12,法學專書,總目錄,食品安全的管制架構與規範體系 以食品標示法制為觀察視角,李建良,1-63,https://publication.iias.sinica.edu.tw/21904181.pdf,pdf,pdf/87_02_李建良_食品安全的管制架構與規範體系 以食品標示法制為觀察視角.pdf,,pdf_text/87_02_李建良_食品安全的管制架構與規範體系 以食品標示法制為觀察視角.txt,64,,57708,
87,2015行政管制與行政爭訟 食品安全的法律對策與法治實踐,2018-12,法學專書,總目錄,食品安全管理措施限制食品業者基本權利之正當性探討 德國司法實務之觀察,林昱梅,65-135,https://publication.iias.sinica.edu.tw/40305181.pdf,pdf,pdf/87_03_林昱梅_食品安全管理措施限制食品業者基本權利之正當性探討 德國司法實務之觀察.pdf,,pdf_text/87_03_林昱梅_食品安全管理措施限制食品業者基本權利之正當性探討 德國司法實務之觀察.txt,72,,73374,
87,2015行政管制與行政爭訟 食品安全的法律對策與法治實踐,2018-12,法學專書,總目錄,食安危機行政管制模式之初探 以德國與臺灣之制度為中心,李寧修,137-190,https://publication.iias.sinica.edu.tw/30929081.pdf,pdf,pdf/87_04_李寧修_食安危機行政管制模式之初探 以德國與臺灣之制度為中心.pdf,,pdf_text/87_04_李寧修_食安危機行政管制模式之初探 以德國與臺灣之制度為中心.txt,54,,55944,
87,2015行政管制與行政爭訟 食品安全的法律對策與法治實踐,2018-12,法學專書,總目錄,論基改食品標示在WTO規範之合致性與適當之立法模式,倪貴榮、羅致遠,191-238,https://publication.iias.sinica.edu.tw/12504181.pdf,pdf,pdf/87_05_倪貴榮_羅致遠_論基改食品標示在WTO規範之合致性與適當之立法模式.pdf,,pdf_text/87_05_倪貴榮_羅致遠_論基改食品標示在WTO規範之合致性與適當之立法模式.txt,48,,61434,
87,2015行政管制與行政爭訟 食品安全的法律對策與法治實踐,2018-12,法學專書,總目錄,食品標示規範之檢討 以美國法之發展為例,吳全峰、林勤富,239-326,https://publication.iias.sinica.edu.tw/22016181.pdf,pdf,pdf/87_06_吳全峰_林勤富_食品標示規範之檢討 以美國法之發展為例.pdf,,pdf_text/87_06_吳全峰_林勤富_食品標示規範之檢討 以美國法之發展為例.txt,88,,121770,
87,2015行政管制與行政爭訟 食品安全的法律對策與法治實踐,2018-12,法學專書,總目錄,假作真時真亦假 論管制與處罰攙偽假冒食品,邱文聰、張永健,327-402,https://publication.iias.sinica.edu.tw/50509071.pdf,pdf,pdf/87_07_邱文聰_張永健_假作真時真亦假 論管制與處罰攙偽假冒食品.pdf,,pdf_text/87_07_邱文聰_張永健_假作真時真亦假 論管制與處罰攙偽假冒食品.txt,76,,84560,
87,2015行政管制與行政爭訟 食品安全的法律對策與法治實踐,2018-12,法學專書,總目錄,臺灣食安法律問題面面觀 【圓桌論壇】會議實錄,李建良、賴曉芬、倪貴榮、林昱梅、邱文聰、劉淑範,403-425,https://publication.iias.sinica.edu.tw/81512181.pdf,pdf,pdf/87_08_李建良_賴曉芬_倪貴榮_林昱梅_邱文聰_劉淑範_臺灣食安法律問題面面觀 【圓桌論壇】會議實錄.pdf,,pdf_text/87_08_李建良_賴曉芬_倪貴榮_林昱梅_邱文聰_劉淑範_臺灣食安法律問題面面觀 【圓桌論壇】會議實錄.txt,24,,19714,
55,第 23 期,2018-09,法學期刊,,即時司法救濟、正當程序與移民人身自由保障,林超駿,1-79,https://publication.iias.sinica.edu.tw/51807181.pdf,pdf,pdf/55_01_林超駿_即時司法救濟、正當程序與移民人身自由保障.pdf,,pdf_text/55_01_林超駿_即時司法救濟、正當程序與移民人身自由保障.txt,79,,80658,
55,第 23 期,2018-09,法學期刊,,法律行為解釋、契約解釋與法律解釋 以民法第98條之立法溯源與實務運用為中心,吳從周,81-169,https://publication.iias.sinica.edu.tw/60400181.pdf,pdf,pdf/55_02_吳從周_法律行為解釋、契約解釋與法律解釋 以民法第98條之立法溯源與實務運用為中心.pdf,,pdf_text/55_02_吳從周_法律行為解釋、契約解釋與法律解釋 以民法第98條之立法溯源與實務運用為中心.txt,89,,98107,
55,第 23 期,2018-09,法學期刊,,證據相互影響論 以刑事證據法為中心,金孟華,171-218,https://publication.iias.sinica.edu.tw/42504181.pdf,pdf,pdf/55_03_金孟華_證據相互影響論 以刑事證據法為中心.pdf,,pdf_text/55_03_金孟華_證據相互影響論 以刑事證據法為中心.txt,48,,50579,
55,第 23 期,2018-09,法學期刊,,論「民主審議」作為一項生命倫理原則及其規範意涵,張兆恬,219-321,https://publication.iias.sinica.edu.tw/70535181.pdf,pdf,pdf/55_04_張兆恬_論「民主審議」作為一項生命倫理原則及其規範意涵.pdf,,pdf_text/55_04_張兆恬_論「民主審議」作為一項生命倫理原則及其規範意涵.txt,103,,127179,
55,第 23 期,2018-09,法學期刊,,刑法不作為犯保證人地位法理基礎的反思 在存有和規範之間,黃奕文,323-412,https://publication.iias.sinica.edu.tw/02920181.pdf,pdf,pdf/55_05_黃奕文_刑法不作為犯保證人地位法理基礎的反思 在存有和規範之間.pdf,,pdf_text/55_05_黃奕文_刑法不作為犯保證人地位法理基礎的反思 在存有和規範之間.txt,90,,101494,
55,第 23 期,2018-09,法學期刊,,本刊第22期之作者更正聲明,,413,https://publication.iias.sinica.edu.tw/72900181.pdf,pdf,pdf/55_06_untitled_本刊第22期之作者更正聲明.pdf,,pdf_text/55_06_untitled_本刊第22期之作者更正聲明.txt,1,,521,
54,第 22 期,2018-03,法學期刊,總目錄,緬懷大法官吳孟庚先生,翁岳生、湯德宗、顏厥安、陳淳文、林子儀,i-xxvii,https://publication.iias.sinica.edu.tw/30035181.pdf,pdf,pdf/54_01_翁岳生_湯德宗_顏厥安_陳淳文_林子儀_緬懷大法官吳孟庚先生.pdf,,pdf_text/54_01_翁岳生_湯德宗_顏厥安_陳淳文_林子儀_緬懷大法官吳孟庚先生.txt,27,,24417,
54,第 22 期,2018-03,法學期刊,總目錄,司法審查作為憲政工程 結構最小主義的提議,蘇彥圖,1-76,https://publication.iias.sinica.edu.tw/91109081.pdf,pdf,pdf/54_02_蘇彥圖_司法審查作為憲政工程 結構最小主義的提議.pdf,,pdf_text/54_02_蘇彥圖_司法審查作為憲政工程 結構最小主義的提議.txt,76,,96678,
54,第 22 期,2018-03,法學期刊,總目錄,歐洲人權法院保障同性關係策略評析 彈性、侷限及展望,翁燕菁,77-141,https://publication.iias.sinica.edu.tw/61106181.pdf,pdf,pdf/54_03_翁燕菁_歐洲人權法院保障同性關係策略評析 彈性、侷限及展望.pdf,,pdf_text/54_03_翁燕菁_歐洲人權法院保障同性關係策略評析 彈性、侷限及展望.txt,65,,89860,
54,第 22 期,2018-03,法學期刊,總目錄,適時審判請求權於民事程序上之侵害與救濟 試論民事法院遲延審判之國家賠償責任,陳瑋佑,143-202,https://publication.iias.sinica.edu.tw/91100181.pdf,pdf,pdf/54_04_陳瑋佑_適時審判請求權於民事程序上之侵害與救濟 試論民事法院遲延審判之國家賠償責任.pdf,,pdf_text/54_04_陳瑋佑_適時審判請求權於民事程序上之侵害與救濟 試論民事法院遲延審判之國家賠償責任.txt,60,,85439,
54,第 22 期,2018-03,法學期刊,總目錄,比例原則在日本行政法的功能,角松生史,203-242,https://publication.iias.sinica.edu.tw/80207181.pdf,pdf,pdf/54_05_角松生史_比例原則在日本行政法的功能.pdf,,pdf_text/54_05_角松生史_比例原則在日本行政法的功能.txt,40,,77461,
54,第 22 期,2018-03,法學期刊,總目錄,應報與正義的限度 死刑的宗教與倫理反思,John D. Carlson,243-296,https://publication.iias.sinica.edu.tw/80208181.pdf,pdf,pdf/54_06_John_D._Carlson_應報與正義的限度 死刑的宗教與倫理反思.pdf,,pdf_text/54_06_John_D._Carlson_應報與正義的限度 死刑的宗教與倫理反思.txt,54,,107636,
94,2014 兩岸四地法律發展(上冊) 法學叢書系列之四,2018-01,法學叢書,總目錄,同行與互動：全球發展中的華文法學,張憲初,1-44,https://publication.iias.sinica.edu.tw/32017171.pdf,pdf,pdf/94_01_張憲初_同行與互動：全球發展中的華文法學.pdf,,pdf_text/94_01_張憲初_同行與互動：全球發展中的華文法學.txt,44,,53577,
94,2014 兩岸四地法律發展(上冊) 法學叢書系列之四,2018-01,法學叢書,總目錄,臺灣法學發展史及其省思,王泰升,45-169,https://publication.iias.sinica.edu.tw/02114171.pdf,pdf,pdf/94_02_王泰升_臺灣法學發展史及其省思.pdf,,pdf_text/94_02_王泰升_臺灣法學發展史及其省思.txt,126,,137912,
94,2014 兩岸四地法律發展(上冊) 法學叢書系列之四,2018-01,法學叢書,總目錄,中國大陸法學研究格局的流變,蘇 力,171-212,https://publication.iias.sinica.edu.tw/02011171.pdf,pdf,pdf/94_03_蘇_力_中國大陸法學研究格局的流變.pdf,,pdf_text/94_03_蘇_力_中國大陸法學研究格局的流變.txt,42,,42445,
94,2014 兩岸四地法律發展(上冊) 法學叢書系列之四,2018-01,法學叢書,總目錄,澳門法制發展之路—在後殖民的困惑中探索澳門一國兩制的法治理想,唐曉晴,213-292,https://publication.iias.sinica.edu.tw/42017171.pdf,pdf,pdf/94_04_唐曉晴_澳門法制發展之路—在後殖民的困惑中探索澳門一國兩制的法治理想.pdf,,pdf_text/94_04_唐曉晴_澳門法制發展之路—在後殖民的困惑中探索澳門一國兩制的法治理想.txt,80,,86993,
94,2014 兩岸四地法律發展(上冊) 法學叢書系列之四,2018-01,法學叢書,總目錄,論民間法作為憲政的共和基礎,謝 暉,293-353,https://publication.iias.sinica.edu.tw/02110171.pdf,pdf,pdf/94_05_謝_暉_論民間法作為憲政的共和基礎.pdf,,pdf_text/94_05_謝_暉_論民間法作為憲政的共和基礎.txt,62,,59395,
93,2014 兩岸四地法律發展(下冊) 法學叢書系列之四,2018-01,法學叢書,總目錄,經驗面向的規範意義—論實證研究在法學中的角色,王鵬翔、張永健,355-444,https://publication.iias.sinica.edu.tw/42607130.pdf,pdf,pdf/93_01_王鵬翔_張永健_經驗面向的規範意義—論實證研究在法學中的角色.pdf,,pdf_text/93_01_王鵬翔_張永健_經驗面向的規範意義—論實證研究在法學中的角色.txt,90,,103442,
93,2014 兩岸四地法律發展(下冊) 法學叢書系列之四,2018-01,法學叢書,總目錄,社科法學的傳統與挑戰,侯 猛,445-471,https://publication.iias.sinica.edu.tw/82114171.pdf,pdf,pdf/93_02_侯_猛_社科法學的傳統與挑戰.pdf,,pdf_text/93_02_侯_猛_社科法學的傳統與挑戰.txt,28,,26311,
93,2014 兩岸四地法律發展(下冊) 法學叢書系列之四,2018-01,法學叢書,總目錄,法經濟學與中國司法實踐—法律人思維的一個註腳,張 巍,473-511,https://publication.iias.sinica.edu.tw/83615071.pdf,pdf,pdf/93_03_張_巍_法經濟學與中國司法實踐—法律人思維的一個註腳.pdf,,pdf_text/93_03_張_巍_法經濟學與中國司法實踐—法律人思維的一個註腳.txt,40,,41563,
93,2014 兩岸四地法律發展(下冊) 法學叢書系列之四,2018-01,法學叢書,總目錄,華文的法律經濟學道路,簡資修,513-549,https://publication.iias.sinica.edu.tw/01113171.pdf,pdf,pdf/93_04_簡資修_華文的法律經濟學道路.pdf,,pdf_text/93_04_簡資修_華文的法律經濟學道路.txt,38,,42253,
93,2014 兩岸四地法律發展(下冊) 法學叢書系列之四,2018-01,法學叢書,總目錄,賭博：自由選擇、分配正義與風險交易,許德風,551-592,https://publication.iias.sinica.edu.tw/22211171.pdf,pdf,pdf/93_05_許德風_賭博：自由選擇、分配正義與風險交易.pdf,,pdf_text/93_05_許德風_賭博：自由選擇、分配正義與風險交易.txt,42,,47329,
93,2014 兩岸四地法律發展(下冊) 法學叢書系列之四,2018-01,法學叢書,總目錄,契約解釋與任意規定—比較法與案例研究,王文宇,593-656,https://publication.iias.sinica.edu.tw/41907171.pdf,pdf,pdf/93_06_王文宇_契約解釋與任意規定—比較法與案例研究.pdf,,pdf_text/93_06_王文宇_契約解釋與任意規定—比較法與案例研究.txt,64,,59640,
53,第 21 期,2017-09,法學期刊,總目錄,論原因自由行為之處罰基礎,薛智仁,1-80,https://publication.iias.sinica.edu.tw/91700171.pdf,pdf,pdf/53_01_薛智仁_論原因自由行為之處罰基礎.pdf,,pdf_text/53_01_薛智仁_論原因自由行為之處罰基礎.txt,80,,93271,
53,第 21 期,2017-09,法學期刊,總目錄,動產所有權善意取得之經濟分析,張永健,81-153,https://publication.iias.sinica.edu.tw/41801171.pdf,pdf,pdf/53_02_張永健_動產所有權善意取得之經濟分析.pdf,,pdf_text/53_02_張永健_動產所有權善意取得之經濟分析.txt,73,,82052,
53,第 21 期,2017-09,法學期刊,總目錄,The Development of Judicial Independence and the Birth of Administrative Review in Mongolia （蒙古國司法獨立發展與行政訴訟制度的創立）,Enkhbaatar Chimid,155-219,https://publication.iias.sinica.edu.tw/71802171.pdf,pdf,pdf/53_03_Enkhbaatar_Chimid_The Development of Judicial Independence and the Birth of Administrative Review in Mongolia （蒙古國司法獨立.pdf,,pdf_text/53_03_Enkhbaatar_Chimid_The Development of Judicial Independence and the Birth of Administrative Review in Mongolia （蒙古國司法獨立.txt,65,,135784,
53,第 21 期,2017-09,法學期刊,總目錄,Participation in Thailand’s Rulemaking Toward Policy-making Accountability（泰國行政命令制定程序中的民眾參與—政策制定之課責）,Khemthong Tonsakulrungruang,221-259,https://publication.iias.sinica.edu.tw/80804171.pdf,pdf,pdf/53_04_Khemthong_Tonsakulrungruang_Participation in Thailand’s Rulemaking Toward Policy-making Accountability（泰國行政命令制定程序中的民眾參與—政策制定之課責）.pdf,,pdf_text/53_04_Khemthong_Tonsakulrungruang_Participation in Thailand’s Rulemaking Toward Policy-making Accountability（泰國行政命令制定程序中的民眾參與—政策制定之課責）.txt,39,,76645,
53,第 21 期,2017-09,法學期刊,總目錄,德國政黨規範理論的轉變 以政黨概念為中心,黃仁俊,261-313,https://publication.iias.sinica.edu.tw/02704171.pdf,pdf,pdf/53_05_黃仁俊_德國政黨規範理論的轉變 以政黨概念為中心.pdf,,pdf_text/53_05_黃仁俊_德國政黨規範理論的轉變 以政黨概念為中心.txt,53,,72714,
86,憲法解釋之理論與實務(第九輯) 憲政主義與人權理論的移植與深耕,2017-04,法學專書,總目錄,主編序,李建良,,,,,,,,,,
86,憲法解釋之理論與實務(第九輯) 憲政主義與人權理論的移植與深耕,2017-04,法學專書,總目錄,憲政主義與人權理論的移植與深耕 兼從形式平等與實質平等的語辨闡析比較憲法學方法論的諸課題,李建良,1-104,https://publication.iias.sinica.edu.tw/13301171.pdf,pdf,pdf/86_02_李建良_憲政主義與人權理論的移植與深耕 兼從形式平等與實質平等的語辨闡析比較憲法學方法論的諸課題.pdf,,pdf_text/86_02_李建良_憲政主義與人權理論的移植與深耕 兼從形式平等與實質平等的語辨闡析比較憲法學方法論的諸課題.txt,104,,117767,
86,憲法解釋之理論與實務(第九輯) 憲政主義與人權理論的移植與深耕,2017-04,法學專書,總目錄,憲法解釋與行政法制之發展,廖義男,105-134,https://publication.iias.sinica.edu.tw/61115161.pdf,pdf,pdf/86_03_廖義男_憲法解釋與行政法制之發展.pdf,,pdf_text/86_03_廖義男_憲法解釋與行政法制之發展.txt,30,,26926,
86,憲法解釋之理論與實務(第九輯) 憲政主義與人權理論的移植與深耕,2017-04,法學專書,總目錄,憲政民主的死人之手問題 憲法規範權威的初步反省,蘇彥圖,135-199,https://publication.iias.sinica.edu.tw/81506151.pdf,pdf,pdf/86_04_蘇彥圖_憲政民主的死人之手問題 憲法規範權威的初步反省.pdf,,pdf_text/86_04_蘇彥圖_憲政民主的死人之手問題 憲法規範權威的初步反省.txt,65,,80873,
86,憲法解釋之理論與實務(第九輯) 憲政主義與人權理論的移植與深耕,2017-04,法學專書,總目錄,言論管制的中立性 美國雙軌理論和德國一般法律理論的言語行為觀點分析,蘇慧婕,201-269,https://publication.iias.sinica.edu.tw/71300171.pdf,pdf,pdf/86_05_蘇慧婕_言論管制的中立性 美國雙軌理論和德國一般法律理論的言語行為觀點分析.pdf,,pdf_text/86_05_蘇慧婕_言論管制的中立性 美國雙軌理論和德國一般法律理論的言語行為觀點分析.txt,69,,84671,
86,憲法解釋之理論與實務(第九輯) 憲政主義與人權理論的移植與深耕,2017-04,法學專書,總目錄,從平等理論的演進檢討實質平等觀在憲法適用上的難題,黃昭元,271-312,https://publication.iias.sinica.edu.tw/72217161.pdf,pdf,pdf/86_06_黃昭元_從平等理論的演進檢討實質平等觀在憲法適用上的難題.pdf,,pdf_text/86_06_黃昭元_從平等理論的演進檢討實質平等觀在憲法適用上的難題.txt,42,,49326,
86,憲法解釋之理論與實務(第九輯) 憲政主義與人權理論的移植與深耕,2017-04,法學專書,總目錄,「優惠性差別待遇」概念之接受、適用與轉化 以我國與法國之「性別」作為優惠標準之比較為中心,吳秦雯,313-383,https://publication.iias.sinica.edu.tw/22210961.pdf,pdf,pdf/86_07_吳秦雯_「優惠性差別待遇」概念之接受、適用與轉化 以我國與法國之「性別」作為優惠標準之比較為中心.pdf,,pdf_text/86_07_吳秦雯_「優惠性差別待遇」概念之接受、適用與轉化 以我國與法國之「性別」作為優惠標準之比較為中心.txt,71,,77996,
86,憲法解釋之理論與實務(第九輯) 憲政主義與人權理論的移植與深耕,2017-04,法學專書,總目錄,歐洲人權法院及歐洲法院對於間接歧視概念之適用與實踐,陳靜慧,385-436,https://publication.iias.sinica.edu.tw/10401151.pdf,pdf,pdf/86_08_陳靜慧_歐洲人權法院及歐洲法院對於間接歧視概念之適用與實踐.pdf,,pdf_text/86_08_陳靜慧_歐洲人權法院及歐洲法院對於間接歧視概念之適用與實踐.txt,52,,57179,
86,憲法解釋之理論與實務(第九輯) 憲政主義與人權理論的移植與深耕,2017-04,法學專書,總目錄,身心障礙行不行 以訴訟途徑請求公部門落實無障礙設施設置義務的可行性評析,孫迺翊,437-512,https://publication.iias.sinica.edu.tw/80406151.pdf,pdf,pdf/86_09_孫迺翊_身心障礙行不行 以訴訟途徑請求公部門落實無障礙設施設置義務的可行性評析.pdf,,pdf_text/86_09_孫迺翊_身心障礙行不行 以訴訟途徑請求公部門落實無障礙設施設置義務的可行性評析.txt,76,,77269,
86,憲法解釋之理論與實務(第九輯) 憲政主義與人權理論的移植與深耕,2017-04,法學專書,總目錄,無罪推定之權利 三角法律論證,廖福特,513-582,https://publication.iias.sinica.edu.tw/72110151.pdf,pdf,pdf/86_10_廖福特_無罪推定之權利 三角法律論證.pdf,,pdf_text/86_10_廖福特_無罪推定之權利 三角法律論證.txt,70,,73756,
52,第 20 期,2017-03,法學期刊,總目錄,從法律人類學看民事紛爭解決之訴訟觀的演進 —以家事紛爭解決為例,郭書琴,1-75,https://publication.iias.sinica.edu.tw/31200171.pdf,pdf,pdf/52_01_郭書琴_從法律人類學看民事紛爭解決之訴訟觀的演進 —以家事紛爭解決為例.pdf,,pdf_text/52_01_郭書琴_從法律人類學看民事紛爭解決之訴訟觀的演進 —以家事紛爭解決為例.txt,75,,75135,
52,第 20 期,2017-03,法學期刊,總目錄,南韓與臺灣憲政體制之比較 —「形異實同」的憲政體制,蘇子喬,77-153,https://publication.iias.sinica.edu.tw/12206171.pdf,pdf,pdf/52_02_蘇子喬_南韓與臺灣憲政體制之比較 —「形異實同」的憲政體制.pdf,,pdf_text/52_02_蘇子喬_南韓與臺灣憲政體制之比較 —「形異實同」的憲政體制.txt,77,,82975,
52,第 20 期,2017-03,法學期刊,總目錄,司法審查、選舉制度與民主代表性 —從司法院釋字第721號解釋談起,林春元,155-210,https://publication.iias.sinica.edu.tw/02206171.pdf,pdf,pdf/52_03_林春元_司法審查、選舉制度與民主代表性 —從司法院釋字第721號解釋談起.pdf,,pdf_text/52_03_林春元_司法審查、選舉制度與民主代表性 —從司法院釋字第721號解釋談起.txt,56,,56244,
52,第 20 期,2017-03,法學期刊,總目錄,社會科學式的比較法研究 —評Mark Ramseyer. 2015. SECOND BEST JUSTICE: THE VIRTUES OF JAPANESE PRIVATE LAW. The University of Chicago Press,張永健,211-249,https://publication.iias.sinica.edu.tw/21100171.pdf,pdf,pdf/52_04_張永健_社會科學式的比較法研究 —評Mark Ramseyer. 2015. SECOND BEST JUSTICE： THE VIRTUES OF JAPANESE PRIVATE LAW. The Uni.pdf,,pdf_text/52_04_張永健_社會科學式的比較法研究 —評Mark Ramseyer. 2015. SECOND BEST JUSTICE： THE VIRTUES OF JAPANESE PRIVATE LAW. The Uni.txt,39,,41026,
52,第 20 期,2017-03,法學期刊,總目錄,司法違憲審查中的證據品質與事理觀點 —從證據法角度出發的美國經驗與臺灣借鏡,賈文宇,251-308,https://publication.iias.sinica.edu.tw/61105171.pdf,pdf,pdf/52_05_賈文宇_司法違憲審查中的證據品質與事理觀點 —從證據法角度出發的美國經驗與臺灣借鏡.pdf,,pdf_text/52_05_賈文宇_司法違憲審查中的證據品質與事理觀點 —從證據法角度出發的美國經驗與臺灣借鏡.txt,58,,63084,
51,第 19 期,2016-09,法學期刊,總目錄,出刊辭,林子儀,,https://publication.iias.sinica.edu.tw/journal/journal19/journal19ch00.pdf,pdf,pdf/51_01_林子儀_出刊辭.pdf,,pdf_text/51_01_林子儀_出刊辭.txt,2,,1351,
51,第 19 期,2016-09,法學期刊,總目錄,比例原則及其階層化操作 一個著眼於司法院釋憲實務發展趨勢的反思,黃舒芃,1-52,https://publication.iias.sinica.edu.tw/82705161.pdf,pdf,pdf/51_02_黃舒芃_比例原則及其階層化操作 一個著眼於司法院釋憲實務發展趨勢的反思.pdf,,pdf_text/51_02_黃舒芃_比例原則及其階層化操作 一個著眼於司法院釋憲實務發展趨勢的反思.txt,52,,62179,
51,第 19 期,2016-09,法學期刊,總目錄,Introducing the Precautionary Principle into Administrative Law Facing the Challenges to the Rule of Law,Jin Zining,53-97,https://publication.iias.sinica.edu.tw/92805161.pdf,pdf,pdf/51_03_Jin_Zining_Introducing the Precautionary Principle into Administrative Law Facing the Challenges to the Rule of.pdf,,pdf_text/51_03_Jin_Zining_Introducing the Precautionary Principle into Administrative Law Facing the Challenges to the Rule of.txt,45,,85604,
51,第 19 期,2016-09,法學期刊,總目錄,An Unprincipled Principle? A Comparative Study on the Application of the Principle of Proportionality in Environmental Cases in Taiwan and the EU,Chun-Yuan Lin,99-158,https://publication.iias.sinica.edu.tw/03805161.pdf,pdf,pdf/51_04_Chun-Yuan_Lin_An Unprincipled Principle A Comparative Study on the Application of the Principle of Proportionality.pdf,,pdf_text/51_04_Chun-Yuan_Lin_An Unprincipled Principle A Comparative Study on the Application of the Principle of Proportionality.txt,60,,116985,
51,第 19 期,2016-09,法學期刊,總目錄,去政治的公民不服從 評薛智仁教授之〈刑法觀點下的公民不服從〉,李佳玟,159-165,https://publication.iias.sinica.edu.tw/22807161.pdf,pdf,pdf/51_05_李佳玟_去政治的公民不服從 評薛智仁教授之〈刑法觀點下的公民不服從〉.pdf,,pdf_text/51_05_李佳玟_去政治的公民不服從 評薛智仁教授之〈刑法觀點下的公民不服從〉.txt,7,,4812,
51,第 19 期,2016-09,法學期刊,總目錄,脫下高貴的公民不服從的外衣 簡評〈刑法觀點下的公民不服從〉,陳運財,167-181,https://publication.iias.sinica.edu.tw/92807161.pdf,pdf,pdf/51_06_陳運財_脫下高貴的公民不服從的外衣 簡評〈刑法觀點下的公民不服從〉.pdf,,pdf_text/51_06_陳運財_脫下高貴的公民不服從的外衣 簡評〈刑法觀點下的公民不服從〉.txt,15,,12677,
51,第 19 期,2016-09,法學期刊,總目錄,法律系統中的常態與異例 展開318學運的法律意涵,張嘉尹,183-202,https://publication.iias.sinica.edu.tw/92808161.pdf,pdf,pdf/51_07_張嘉尹_法律系統中的常態與異例 展開318學運的法律意涵.pdf,,pdf_text/51_07_張嘉尹_法律系統中的常態與異例 展開318學運的法律意涵.txt,20,,18083,
51,第 19 期,2016-09,法學期刊,總目錄,以憲法之表現自由處理「公民不服從」爭議 評薛智仁教授〈刑法觀點下的公民不服從〉一文,廖元豪,203-228,https://publication.iias.sinica.edu.tw/32800261.pdf,pdf,pdf/51_08_廖元豪_以憲法之表現自由處理「公民不服從」爭議 評薛智仁教授〈刑法觀點下的公民不服從〉一文.pdf,,pdf_text/51_08_廖元豪_以憲法之表現自由處理「公民不服從」爭議 評薛智仁教授〈刑法觀點下的公民不服從〉一文.txt,26,,24811,
51,第 19 期,2016-09,法學期刊,總目錄,刑法、基本權與公民不服從,薛智仁,229-251,https://publication.iias.sinica.edu.tw/52800261.pdf,pdf,pdf/51_09_薛智仁_刑法、基本權與公民不服從.pdf,,pdf_text/51_09_薛智仁_刑法、基本權與公民不服從.txt,23,,22670,
51,第 19 期,2016-09,法學期刊,總目錄,人權力量今猶在？ 螺旋模式與規範社會化的反思,顏永銘,253-283,https://publication.iias.sinica.edu.tw/22800161.pdf,pdf,pdf/51_10_顏永銘_人權力量今猶在？ 螺旋模式與規範社會化的反思.pdf,,pdf_text/51_10_顏永銘_人權力量今猶在？ 螺旋模式與規範社會化的反思.txt,31,,38877,
85,2012 行政管制與行政爭訟 行政契約之發展現況與前景,2016-06,法學專書,,主編序,李建良,,,,,,,,,,
85,2012 行政管制與行政爭訟 行政契約之發展現況與前景,2016-06,法學專書,,導論：臺灣行政契約法的路徑依賴？ 比較行政法方法論的局部反思,李建良,1-61,https://publication.iias.sinica.edu.tw/50424141.pdf,pdf,pdf/85_02_李建良_導論：臺灣行政契約法的路徑依賴？ 比較行政法方法論的局部反思.pdf,,pdf_text/85_02_李建良_導論：臺灣行政契約法的路徑依賴？ 比較行政法方法論的局部反思.txt,61,,66699,
85,2012 行政管制與行政爭訟 行政契約之發展現況與前景,2016-06,法學專書,,Entwicklungsstand und -perspektiven des Verwaltungsvertrags,Jan Ziekow,63-110,https://publication.iias.sinica.edu.tw/31015151.pdf,pdf,pdf/85_03_Jan_Ziekow_Entwicklungsstand und -perspektiven des Verwaltungsvertrags.pdf,,pdf_text/85_03_Jan_Ziekow_Entwicklungsstand und -perspektiven des Verwaltungsvertrags.txt,48,,94170,
85,2012 行政管制與行政爭訟 行政契約之發展現況與前景,2016-06,法學專書,,行政契約之發展現況與前景,李建良 譯,111-136,https://publication.iias.sinica.edu.tw/92014151.pdf,pdf,pdf/85_04_李建良_行政契約之發展現況與前景.pdf,,pdf_text/85_04_李建良_行政契約之發展現況與前景.txt,26,,36337,
85,2012 行政管制與行政爭訟 行政契約之發展現況與前景,2016-06,法學專書,,論負擔契約、處分契約、附第三人效力之行政契約 兼評最高行政法院98年度判字第1466號判決,李建良,137-182,https://publication.iias.sinica.edu.tw/90114151.pdf,pdf,pdf/85_05_李建良_論負擔契約、處分契約、附第三人效力之行政契約 兼評最高行政法院98年度判字第1466號判決.pdf,,pdf_text/85_05_李建良_論負擔契約、處分契約、附第三人效力之行政契約 兼評最高行政法院98年度判字第1466號判決.txt,46,,50698,
85,2012 行政管制與行政爭訟 行政契約之發展現況與前景,2016-06,法學專書,,規範制定與行政契約,林依仁,183-262,https://publication.iias.sinica.edu.tw/50426151.pdf,pdf,pdf/85_06_林依仁_規範制定與行政契約.pdf,,pdf_text/85_06_林依仁_規範制定與行政契約.txt,80,,88661,
50,第 18 期,2016-03,法學期刊,,探尋隱私權的空間意涵 大法官對基本權利的脈絡論證,葉俊榮,1-40,https://publication.iias.sinica.edu.tw/50201161.pdf,pdf,pdf/50_01_葉俊榮_探尋隱私權的空間意涵 大法官對基本權利的脈絡論證.pdf,,pdf_text/50_01_葉俊榮_探尋隱私權的空間意涵 大法官對基本權利的脈絡論證.txt,40,,38914,
50,第 18 期,2016-03,法學期刊,,論強制性交罪違反意願之方法,蔡聖偉,41-109,https://publication.iias.sinica.edu.tw/22206161.pdf,pdf,pdf/50_02_蔡聖偉_論強制性交罪違反意願之方法.pdf,,pdf_text/50_02_蔡聖偉_論強制性交罪違反意願之方法.txt,69,,83771,
50,第 18 期,2016-03,法學期刊,,論誤想防衛,許恒達,111-193,https://publication.iias.sinica.edu.tw/30203161.pdf,pdf,pdf/50_03_許恒達_論誤想防衛.pdf,,pdf_text/50_03_許恒達_論誤想防衛.txt,83,,89726,
50,第 18 期,2016-03,法學期刊,,歷久彌新或不合時宜？ 民法不動產物權時效取得制度之實踐與革新,張永健,195-266,https://publication.iias.sinica.edu.tw/92210151.pdf,pdf,pdf/50_04_張永健_歷久彌新或不合時宜？ 民法不動產物權時效取得制度之實踐與革新.pdf,,pdf_text/50_04_張永健_歷久彌新或不合時宜？ 民法不動產物權時效取得制度之實踐與革新.txt,72,,81489,
50,第 18 期,2016-03,法學期刊,,刑事醫療糾紛判決於上訴審的實證考察,劉邦揚,267-313,https://publication.iias.sinica.edu.tw/71600151.pdf,pdf,pdf/50_05_劉邦揚_刑事醫療糾紛判決於上訴審的實證考察.pdf,,pdf_text/50_05_劉邦揚_刑事醫療糾紛判決於上訴審的實證考察.txt,47,,44433,
49,第 17 期,2015-09,法學期刊,,出刊辭,林子儀,,https://publication.iias.sinica.edu.tw/journal/journal17/journal17ch00.pdf,pdf,pdf/49_01_林子儀_出刊辭.pdf,,pdf_text/49_01_林子儀_出刊辭.txt,1,,789,
49,第 17 期,2015-09,法學期刊,,澳門法制發展之路 在後殖民的困惑中探索澳門一國兩制的法治理想,唐曉晴,1-80,https://publication.iias.sinica.edu.tw/31804151.pdf,pdf,pdf/49_02_唐曉晴_澳門法制發展之路 在後殖民的困惑中探索澳門一國兩制的法治理想.pdf,,pdf_text/49_02_唐曉晴_澳門法制發展之路 在後殖民的困惑中探索澳門一國兩制的法治理想.txt,80,,86711,
49,第 17 期,2015-09,法學期刊,,從法國2008年修憲論抽象違憲審查制度的發展,陳淳文,81-129,https://publication.iias.sinica.edu.tw/41704151.pdf,pdf,pdf/49_03_陳淳文_從法國2008年修憲論抽象違憲審查制度的發展.pdf,,pdf_text/49_03_陳淳文_從法國2008年修憲論抽象違憲審查制度的發展.txt,49,,51056,
49,第 17 期,2015-09,法學期刊,,刑法觀點下的公民不服從,薛智仁,131-204,https://publication.iias.sinica.edu.tw/11800151.pdf,pdf,pdf/49_04_薛智仁_刑法觀點下的公民不服從.pdf,,pdf_text/49_04_薛智仁_刑法觀點下的公民不服從.txt,74,,83017,
49,第 17 期,2015-09,法學期刊,,經驗面向的規範意義 論實證研究在法學中的角色,王鵬翔、張永健,205-294,https://publication.iias.sinica.edu.tw/80708151.pdf,pdf,pdf/49_05_王鵬翔_張永健_經驗面向的規範意義 論實證研究在法學中的角色.pdf,,pdf_text/49_05_王鵬翔_張永健_經驗面向的規範意義 論實證研究在法學中的角色.txt,90,,103145,
49,第 17 期,2015-09,法學期刊,,應報、死刑與嚴罰的心理,李茂生,295-311,https://publication.iias.sinica.edu.tw/70801151.pdf,pdf,pdf/49_06_李茂生_應報、死刑與嚴罰的心理.pdf,,pdf_text/49_06_李茂生_應報、死刑與嚴罰的心理.txt,17,,13675,
49,第 17 期,2015-09,法學期刊,,「人們尋求以惡還惡，若非如此即是奴隸」,陳嘉銘,313-333,https://publication.iias.sinica.edu.tw/81806151.pdf,pdf,pdf/49_07_陳嘉銘_「人們尋求以惡還惡，若非如此即是奴隸」.pdf,,pdf_text/49_07_陳嘉銘_「人們尋求以惡還惡，若非如此即是奴隸」.txt,21,,21653,
49,第 17 期,2015-09,法學期刊,,不再修補殺人機器 評論許家馨與謝煜偉教授有關死刑之文章,顏厥安,335-368,https://publication.iias.sinica.edu.tw/22703151.pdf,pdf,pdf/49_08_顏厥安_不再修補殺人機器 評論許家馨與謝煜偉教授有關死刑之文章.pdf,,pdf_text/49_08_顏厥安_不再修補殺人機器 評論許家馨與謝煜偉教授有關死刑之文章.txt,34,,32136,
49,第 17 期,2015-09,法學期刊,,寬容社會的曙光？ 從市民刑法的例外、犯罪事後處理機能、社會責任於個人責任的反饋回應三篇評論文,謝煜偉,369-402,https://publication.iias.sinica.edu.tw/42809151.pdf,pdf,pdf/49_09_謝煜偉_寬容社會的曙光？ 從市民刑法的例外、犯罪事後處理機能、社會責任於個人責任的反饋回應三篇評論文.pdf,,pdf_text/49_09_謝煜偉_寬容社會的曙光？ 從市民刑法的例外、犯罪事後處理機能、社會責任於個人責任的反饋回應三篇評論文.txt,34,,31864,
49,第 17 期,2015-09,法學期刊,,應報、憐憫與死刑 對三篇評論文的回應,許家馨,403-422,https://publication.iias.sinica.edu.tw/42804151.pdf,pdf,pdf/49_10_許家馨_應報、憐憫與死刑 對三篇評論文的回應.pdf,,pdf_text/49_10_許家馨_應報、憐憫與死刑 對三篇評論文的回應.txt,20,,16906,
49,第 17 期,2015-09,法學期刊,,論圖案與印記證據之證據能力,金孟華、陳又寧,423-476,https://publication.iias.sinica.edu.tw/90701151.pdf,pdf,pdf/49_11_金孟華_陳又寧_論圖案與印記證據之證據能力.pdf,,pdf_text/49_11_金孟華_陳又寧_論圖案與印記證據之證據能力.txt,54,,54173,
84,Law and Economics of Possession,2015-06,外文出版品,,Ownership and possession,Thomas W. Merrill,,,,,,,,,,
84,Law and Economics of Possession,2015-06,外文出版品,,The Law is nine-tenths of possession An adage turned on its head,Carol M. Rose,,,,,,,,,,
84,Law and Economics of Possession,2015-06,外文出版品,,The elements of possession,Henry E. Smith,,,,,,,,,,
84,Law and Economics of Possession,2015-06,外文出版品,,The economy of concept and possession,Yun-chien Chang,,,,,,,,,,
84,Law and Economics of Possession,2015-06,外文出版品,,What behavioral studies can teach jurists about possession and vice versa,Daphna Lewinsohn-Zamir,,,,,,,,,,
84,Law and Economics of Possession,2015-06,外文出版品,,The possession heuristic,James Krier and Christopher Serkin,,,,,,,,,,
84,Law and Economics of Possession,2015-06,外文出版品,,Dividing possessory rights,Daniel B. Kelly,,,,,,,,,,
84,Law and Economics of Possession,2015-06,外文出版品,,The titling role of possession,Benito Arrunada,,,,,,,,,,
84,Law and Economics of Possession,2015-06,外文出版品,,"Possession and licenses The FCC, weak spectrum rights, and the LightSquared debacle",Richard A. Epstein,,,,,,,,,,
84,Law and Economics of Possession,2015-06,外文出版品,,"Jurisdiction, choice of Law, and property",Daniel Klerman,,,,,,,,,,
84,Law and Economics of Possession,2015-06,外文出版品,,"Small property, adverse possession, and optional law",Shitong Qiao,,,,,,,,,,
84,Law and Economics of Possession,2015-06,外文出版品,,Title in the shadow of possession,Abraham Bell,,,,,,,,,,
48,第 16 期,2015-03,法學期刊,,家暴事件的正當防衛難題 —以趙岩冰殺夫案為中心,薛智仁,1-70,https://publication.iias.sinica.edu.tw/22214141.pdf,pdf,pdf/48_01_薛智仁_家暴事件的正當防衛難題 —以趙岩冰殺夫案為中心.pdf,,pdf_text/48_01_薛智仁_家暴事件的正當防衛難題 —以趙岩冰殺夫案為中心.txt,70,,77095,
48,第 16 期,2015-03,法學期刊,,電信法上不對稱管制措施之形塑及界限 —最高行政法院100年度判字第1860號等系列判決評析,詹鎮榮,71-126,https://publication.iias.sinica.edu.tw/51107151.pdf,pdf,pdf/48_02_詹鎮榮_電信法上不對稱管制措施之形塑及界限 —最高行政法院100年度判字第1860號等系列判決評析.pdf,,pdf_text/48_02_詹鎮榮_電信法上不對稱管制措施之形塑及界限 —最高行政法院100年度判字第1860號等系列判決評析.txt,56,,55119,
48,第 16 期,2015-03,法學期刊,,論違憲審查之程序理性 —從Dworkin獨白取向之裁判理論到Habermas之司法法律論辯理論,李俊增,127-209,https://publication.iias.sinica.edu.tw/51100251.pdf,pdf,pdf/48_03_李俊增_論違憲審查之程序理性 —從Dworkin獨白取向之裁判理論到Habermas之司法法律論辯理論.pdf,,pdf_text/48_03_李俊增_論違憲審查之程序理性 —從Dworkin獨白取向之裁判理論到Habermas之司法法律論辯理論.txt,83,,88436,
48,第 16 期,2015-03,法學期刊,,信賴保護原則的捨繁取簡 —理論基礎的反省與要件重構,林起衛,211-284,https://publication.iias.sinica.edu.tw/51106151.pdf,pdf,pdf/48_04_林起衛_信賴保護原則的捨繁取簡 —理論基礎的反省與要件重構.pdf,,pdf_text/48_04_林起衛_信賴保護原則的捨繁取簡 —理論基礎的反省與要件重構.txt,74,,74469,
83,國際比較下我國著作權法之總檢討(上冊),2014-12,法學專書,,出刊辭,劉孔中,i,,,,,,,,,
83,國際比較下我國著作權法之總檢討(上冊),2014-12,法學專書,,公共領域如何立法保護 論準公共領域的創設,王敏銓,1-39,https://publication.iias.sinica.edu.tw/70115141.pdf,pdf,pdf/83_02_王敏銓_公共領域如何立法保護 論準公共領域的創設.pdf,,pdf_text/83_02_王敏銓_公共領域如何立法保護 論準公共領域的創設.txt,55,,64325,
83,國際比較下我國著作權法之總檢討(上冊),2014-12,法學專書,,我國著作權法中「創作」概念相關判決之研究,謝銘洋,57-89,https://publication.iias.sinica.edu.tw/71119041.pdf,pdf,pdf/83_03_謝銘洋_我國著作權法中「創作」概念相關判決之研究.pdf,,pdf_text/83_03_謝銘洋_我國著作權法中「創作」概念相關判決之研究.txt,33,,28338,
83,國際比較下我國著作權法之總檢討(上冊),2014-12,法學專書,,「原創性」概念之再建構 從產業發展觀點與競爭理念出發,黃銘傑,91-115,https://publication.iias.sinica.edu.tw/10114141.pdf,pdf,pdf/83_04_黃銘傑_「原創性」概念之再建構 從產業發展觀點與競爭理念出發.pdf,,pdf_text/83_04_黃銘傑_「原創性」概念之再建構 從產業發展觀點與競爭理念出發.txt,25,,24595,
83,國際比較下我國著作權法之總檢討(上冊),2014-12,法學專書,,無形利用權之規劃 117-194,陳曉慧,117-194,https://publication.iias.sinica.edu.tw/01111141.pdf,pdf,pdf/83_05_陳曉慧_無形利用權之規劃 117-194.pdf,,pdf_text/83_05_陳曉慧_無形利用權之規劃 117-194.txt,78,,89197,
83,國際比較下我國著作權法之總檢討(上冊),2014-12,法學專書,,著作人格權法制之研究 法國法之考察借鏡,陳思廷,195-227,https://publication.iias.sinica.edu.tw/01112141.pdf,pdf,pdf/83_06_陳思廷_著作人格權法制之研究 法國法之考察借鏡.pdf,,pdf_text/83_06_陳思廷_著作人格權法制之研究 法國法之考察借鏡.txt,33,,37069,
83,國際比較下我國著作權法之總檢討(上冊),2014-12,法學專書,,視聽著作的另一種觀點 法國法的堅持或偏執？,許曉芬,229-257,https://publication.iias.sinica.edu.tw/42115141.pdf,pdf,pdf/83_07_許曉芬_視聽著作的另一種觀點 法國法的堅持或偏執？.pdf,,pdf_text/83_07_許曉芬_視聽著作的另一種觀點 法國法的堅持或偏執？.txt,29,,33113,
83,國際比較下我國著作權法之總檢討(上冊),2014-12,法學專書,,從電影製作實務論視聽著作權利歸屬與行使,姚信安,259-299,https://publication.iias.sinica.edu.tw/40116141.pdf,pdf,pdf/83_08_姚信安_從電影製作實務論視聽著作權利歸屬與行使.pdf,,pdf_text/83_08_姚信安_從電影製作實務論視聽著作權利歸屬與行使.txt,41,,43682,
82,國際比較下我國著作權法之總檢討(下冊) 法學專書系列之十九,2014-12,法學專書,,出版序,劉孔中,i,,,,,,,,,
82,國際比較下我國著作權法之總檢討(下冊) 法學專書系列之十九,2014-12,法學專書,,視聽表演人保護之研究 以視聽表演北京條約為中心,張懿云,301-332,https://publication.iias.sinica.edu.tw/41116141.pdf,pdf,pdf/82_02_張懿云_視聽表演人保護之研究 以視聽表演北京條約為中心.pdf,,pdf_text/82_02_張懿云_視聽表演人保護之研究 以視聽表演北京條約為中心.txt,32,,41017,
82,國際比較下我國著作權法之總檢討(下冊) 法學專書系列之十九,2014-12,法學專書,,表演人之權利保護 我國法制與實務,章忠信,333-375,https://publication.iias.sinica.edu.tw/70110141.pdf,pdf,pdf/82_03_章忠信_表演人之權利保護 我國法制與實務.pdf,,pdf_text/82_03_章忠信_表演人之權利保護 我國法制與實務.txt,43,,42943,
82,國際比較下我國著作權法之總檢討(下冊) 法學專書系列之十九,2014-12,法學專書,,論著作財產權之例外 從英國法之相關變革出發,謝國廉,377-414,https://publication.iias.sinica.edu.tw/41114141.pdf,pdf,pdf/82_04_謝國廉_論著作財產權之例外 從英國法之相關變革出發.pdf,,pdf_text/82_04_謝國廉_論著作財產權之例外 從英國法之相關變革出發.txt,38,,46093,
82,國際比較下我國著作權法之總檢討(下冊) 法學專書系列之十九,2014-12,法學專書,,美國Wiley案對我國著作權耗盡原則之啟發,胡心蘭,415-449,https://publication.iias.sinica.edu.tw/42016141.pdf,pdf,pdf/82_05_胡心蘭_美國Wiley案對我國著作權耗盡原則之啟發.pdf,,pdf_text/82_05_胡心蘭_美國Wiley案對我國著作權耗盡原則之啟發.txt,35,,44301,
82,國際比較下我國著作權法之總檢討(下冊) 法學專書系列之十九,2014-12,法學專書,,網路服務提供者民事免責事由之要件分析,李治安,451-490,https://publication.iias.sinica.edu.tw/40118041.pdf,pdf,pdf/82_06_李治安_網路服務提供者民事免責事由之要件分析.pdf,,pdf_text/82_06_李治安_網路服務提供者民事免責事由之要件分析.txt,40,,42855,
82,國際比較下我國著作權法之總檢討(下冊) 法學專書系列之十九,2014-12,法學專書,,歐盟著作權指令體制與相關歐盟法院判決之研究,馮震宇,491-543,https://publication.iias.sinica.edu.tw/71116141.pdf,pdf,pdf/82_07_馮震宇_歐盟著作權指令體制與相關歐盟法院判決之研究.pdf,,pdf_text/82_07_馮震宇_歐盟著作權指令體制與相關歐盟法院判決之研究.txt,53,,64880,
82,國際比較下我國著作權法之總檢討(下冊) 法學專書系列之十九,2014-12,法學專書,,著作權法草案修法總說明,,545-68,https://publication.iias.sinica.edu.tw/52216141.pdf,pdf,pdf/82_08_untitled_著作權法草案修法總說明.pdf,,pdf_text/82_08_untitled_著作權法草案修法總說明.txt,139,,144058,
82,國際比較下我國著作權法之總檢討(下冊) 法學專書系列之十九,2014-12,法學專書,,著作權集體管理團體管理辦法,,685-694,https://publication.iias.sinica.edu.tw/52217141.pdf,pdf,pdf/82_09_untitled_著作權集體管理團體管理辦法.pdf,,pdf_text/82_09_untitled_著作權集體管理團體管理辦法.txt,10,,10120,
47,第 15 期,2014-09,法學期刊,,出刊辭,林子儀,,https://publication.iias.sinica.edu.tw/journal/journal15/journal15ch00.pdf,pdf,pdf/47_01_林子儀_出刊辭.pdf,,pdf_text/47_01_林子儀_出刊辭.txt,1,,742,
47,第 15 期,2014-09,法學期刊,,打造墮胎權 解嚴前墮胎合法化的婦運法律動員與權利構框,陳昭如,1-76,https://publication.iias.sinica.edu.tw/51709041.pdf,pdf,pdf/47_02_陳昭如_打造墮胎權 解嚴前墮胎合法化的婦運法律動員與權利構框.pdf,,pdf_text/47_02_陳昭如_打造墮胎權 解嚴前墮胎合法化的婦運法律動員與權利構框.txt,76,,81591,
47,第 15 期,2014-09,法學期刊,,法律繼受與法律多重製圖 人口販運法制的案例,王曉丹,77-137,https://publication.iias.sinica.edu.tw/51700141.pdf,pdf,pdf/47_03_王曉丹_法律繼受與法律多重製圖 人口販運法制的案例.pdf,,pdf_text/47_03_王曉丹_法律繼受與法律多重製圖 人口販運法制的案例.txt,61,,63049,
47,第 15 期,2014-09,法學期刊,,重新檢視死刑的應報意義,謝煜偉,139-206,https://publication.iias.sinica.edu.tw/30701141.pdf,pdf,pdf/47_04_謝煜偉_重新檢視死刑的應報意義.pdf,,pdf_text/47_04_謝煜偉_重新檢視死刑的應報意義.txt,68,,67551,
47,第 15 期,2014-09,法學期刊,,應報即復仇？ 當代應報理論及其對死刑之意涵初探,許家馨,207-282,https://publication.iias.sinica.edu.tw/90501441.pdf,pdf,pdf/47_05_許家馨_應報即復仇？ 當代應報理論及其對死刑之意涵初探.pdf,,pdf_text/47_05_許家馨_應報即復仇？ 當代應報理論及其對死刑之意涵初探.txt,76,,80128,
47,第 15 期,2014-09,法學期刊,,掙脫鳥籠 反思臺灣公共衛生議題裡的因果關係,陳瑞麟,283-329,https://publication.iias.sinica.edu.tw/30706141.pdf,pdf,pdf/47_06_陳瑞麟_掙脫鳥籠 反思臺灣公共衛生議題裡的因果關係.pdf,,pdf_text/47_06_陳瑞麟_掙脫鳥籠 反思臺灣公共衛生議題裡的因果關係.txt,47,,47721,
47,第 15 期,2014-09,法學期刊,,由憲法平等選舉原則評析我國立法委員選舉制度,楊承燁,331-400,https://publication.iias.sinica.edu.tw/51703141.pdf,pdf,pdf/47_07_楊承燁_由憲法平等選舉原則評析我國立法委員選舉制度.pdf,,pdf_text/47_07_楊承燁_由憲法平等選舉原則評析我國立法委員選舉制度.txt,70,,70638,
81,憲法解釋之理論與實務(第八輯)(上冊) 法學專書系列之十八,2014-07,法學專書,,出版序,廖福特,i,https://publication.iias.sinica.edu.tw/82715141.pdf,pdf,pdf/81_01_廖福特_出版序.pdf,,pdf_text/81_01_廖福特_出版序.txt,1,,731,
81,憲法解釋之理論與實務(第八輯)(上冊) 法學專書系列之十八,2014-07,法學專書,,Legislating Responses to Security Threats The Requirement of Legislative Authority to Take Anti-Terrorist Measures,Barak Medina,1-47,https://publication.iias.sinica.edu.tw/51601141.pdf,pdf,pdf/81_02_Barak_Medina_Legislating Responses to Security Threats The Requirement of Legislative Authority to Take Anti-Terr.pdf,,pdf_text/81_02_Barak_Medina_Legislating Responses to Security Threats The Requirement of Legislative Authority to Take Anti-Terr.txt,47,,102072,
81,憲法解釋之理論與實務(第八輯)(上冊) 法學專書系列之十八,2014-07,法學專書,,西方憲政主義進入臺灣社會的歷史過程及省思,王泰升,49-114,https://publication.iias.sinica.edu.tw/10502041.pdf,pdf,pdf/81_03_王泰升_西方憲政主義進入臺灣社會的歷史過程及省思.pdf,,pdf_text/81_03_王泰升_西方憲政主義進入臺灣社會的歷史過程及省思.txt,66,,70527,
81,憲法解釋之理論與實務(第八輯)(上冊) 法學專書系列之十八,2014-07,法學專書,,司法院大法官釋憲制度的歷史發展與憲法基礎,張嘉尹,115-174,https://publication.iias.sinica.edu.tw/10507141.pdf,pdf,pdf/81_04_張嘉尹_司法院大法官釋憲制度的歷史發展與憲法基礎.pdf,,pdf_text/81_04_張嘉尹_司法院大法官釋憲制度的歷史發展與憲法基礎.txt,60,,59031,
81,憲法解釋之理論與實務(第八輯)(上冊) 法學專書系列之十八,2014-07,法學專書,,論國際條約的國內法效力與法位階定序 國際條約與憲法解釋之關係的基礎課題,李建良,175-275,https://publication.iias.sinica.edu.tw/90501141.pdf,pdf,pdf/81_05_李建良_論國際條約的國內法效力與法位階定序 國際條約與憲法解釋之關係的基礎課題.pdf,,pdf_text/81_05_李建良_論國際條約的國內法效力與法位階定序 國際條約與憲法解釋之關係的基礎課題.txt,101,,116623,
80,憲法解釋之理論與實務(第八輯)(下冊) 法學專書系列之十八,2014-07,法學專書,,出版序,廖福特,i,https://publication.iias.sinica.edu.tw/82715141.pdf,pdf,pdf/81_01_廖福特_出版序.pdf,,pdf_text/81_01_廖福特_出版序.txt,1,,731,
80,憲法解釋之理論與實務(第八輯)(下冊) 法學專書系列之十八,2014-07,法學專書,,國際法作為憲法解釋之界限 臺灣分裂社會中之憲法危機及其解決,陳怡凱,277-378,https://publication.iias.sinica.edu.tw/51601241.pdf,pdf,pdf/80_02_陳怡凱_國際法作為憲法解釋之界限 臺灣分裂社會中之憲法危機及其解決.pdf,,pdf_text/80_02_陳怡凱_國際法作為憲法解釋之界限 臺灣分裂社會中之憲法危機及其解決.txt,102,,109652,
80,憲法解釋之理論與實務(第八輯)(下冊) 法學專書系列之十八,2014-07,法學專書,,釋憲機關的司法權威 由法國與我國違憲審查實務來看司法權威的建立,陳淳文,379-443,https://publication.iias.sinica.edu.tw/10504141.pdf,pdf,pdf/80_03_陳淳文_釋憲機關的司法權威 由法國與我國違憲審查實務來看司法權威的建立.pdf,,pdf_text/80_03_陳淳文_釋憲機關的司法權威 由法國與我國違憲審查實務來看司法權威的建立.txt,65,,63993,
80,憲法解釋之理論與實務(第八輯)(下冊) 法學專書系列之十八,2014-07,法學專書,,監所收容人的權益保障 以法國法的演進為中心,王必芳,445-521,https://publication.iias.sinica.edu.tw/10505141.pdf,pdf,pdf/80_04_王必芳_監所收容人的權益保障 以法國法的演進為中心.pdf,,pdf_text/80_04_王必芳_監所收容人的權益保障 以法國法的演進為中心.txt,77,,90072,
80,憲法解釋之理論與實務(第八輯)(下冊) 法學專書系列之十八,2014-07,法學專書,,性別、家庭與社會安全制度 以社會救助制度中出嫁及入贅條款為例,孫迺翊,523-591,https://publication.iias.sinica.edu.tw/10503041.pdf,pdf,pdf/80_05_孫迺翊_性別、家庭與社會安全制度 以社會救助制度中出嫁及入贅條款為例.pdf,,pdf_text/80_05_孫迺翊_性別、家庭與社會安全制度 以社會救助制度中出嫁及入贅條款為例.txt,69,,78746,
46,第 14 期,2014-03,法學期刊,,出刊辭,林子儀,,https://publication.iias.sinica.edu.tw/journal14ch00CN.pdf,pdf,pdf/46_01_林子儀_出刊辭.pdf,,pdf_text/46_01_林子儀_出刊辭.txt,1,,807,
46,第 14 期,2014-03,法學期刊,,論行政強制執行之權利救濟體系與保障內涵 以行為、不行為或容忍義務之執行為探討重心,李建良,1-105,https://publication.iias.sinica.edu.tw/70114121.pdf,pdf,pdf/46_02_李建良_論行政強制執行之權利救濟體系與保障內涵 以行為、不行為或容忍義務之執行為探討重心.pdf,,pdf_text/46_02_李建良_論行政強制執行之權利救濟體系與保障內涵 以行為、不行為或容忍義務之執行為探討重心.txt,105,,118701,
46,第 14 期,2014-03,法學期刊,,環境影響評估事件之司法審查密度 比較制度分析的觀點,陳仲嶙,107-168,https://publication.iias.sinica.edu.tw/82604121.pdf,pdf,pdf/46_03_陳仲嶙_環境影響評估事件之司法審查密度 比較制度分析的觀點.pdf,,pdf_text/46_03_陳仲嶙_環境影響評估事件之司法審查密度 比較制度分析的觀點.txt,62,,68695,
46,第 14 期,2014-03,法學期刊,,風險承擔作為阻卻不法事由 重構容許風險的實質理由,周漾沂,169-243,https://publication.iias.sinica.edu.tw/11214121.pdf,pdf,pdf/46_04_周漾沂_風險承擔作為阻卻不法事由 重構容許風險的實質理由.pdf,,pdf_text/46_04_周漾沂_風險承擔作為阻卻不法事由 重構容許風險的實質理由.txt,75,,77694,
46,第 14 期,2014-03,法學期刊,,公開發行公司經營者薪酬決定機制之實證分析 兼論薪資報酬委員會新制,林郁馨,245-317,https://publication.iias.sinica.edu.tw/01214121.pdf,pdf,pdf/46_05_林郁馨_公開發行公司經營者薪酬決定機制之實證分析 兼論薪資報酬委員會新制.pdf,,pdf_text/46_05_林郁馨_公開發行公司經營者薪酬決定機制之實證分析 兼論薪資報酬委員會新制.txt,73,,65606,
46,第 14 期,2014-03,法學期刊,,越界建築訴訟之實證研究,張永健,319-373,https://publication.iias.sinica.edu.tw/51104131.pdf,pdf,pdf/46_06_張永健_越界建築訴訟之實證研究.pdf,,pdf_text/46_06_張永健_越界建築訴訟之實證研究.txt,55,,55237,
46,第 14 期,2014-03,法學期刊,,從「接受論證」到「深層內在觀點」 評莊世同〈法律的概念與法律規範性的來源—重省哈特的接受論證〉,許家馨,375-386,https://publication.iias.sinica.edu.tw/22014131.pdf,pdf,pdf/46_07_許家馨_從「接受論證」到「深層內在觀點」 評莊世同〈法律的概念與法律規範性的來源—重省哈特的接受論證〉.pdf,,pdf_text/46_07_許家馨_從「接受論證」到「深層內在觀點」 評莊世同〈法律的概念與法律規範性的來源—重省哈特的接受論證〉.txt,12,,9056,
46,第 14 期,2014-03,法學期刊,,接受的態度能夠證成法律的規範性嗎？ 評莊世同〈法律的概念與法律規範性的來源—重省哈特的接受論證〉,王鵬翔,387-405,https://publication.iias.sinica.edu.tw/42604131.pdf,pdf,pdf/46_08_王鵬翔_接受的態度能夠證成法律的規範性嗎？ 評莊世同〈法律的概念與法律規範性的來源—重省哈特的接受論證〉.pdf,,pdf_text/46_08_王鵬翔_接受的態度能夠證成法律的規範性嗎？ 評莊世同〈法律的概念與法律規範性的來源—重省哈特的接受論證〉.txt,19,,19171,
46,第 14 期,2014-03,法學期刊,,哈特的接受論證與法律的規範性 對「莊世同╱王鵬翔」之爭的評論,陳景輝,407-428,https://publication.iias.sinica.edu.tw/40114131.pdf,pdf,pdf/46_09_陳景輝_哈特的接受論證與法律的規範性 對「莊世同╱王鵬翔」之爭的評論.pdf,,pdf_text/46_09_陳景輝_哈特的接受論證與法律的規範性 對「莊世同╱王鵬翔」之爭的評論.txt,22,,19980,
46,第 14 期,2014-03,法學期刊,,法律的規範性與法官的義務 對三篇評論文的回應,莊世同,429-478,https://publication.iias.sinica.edu.tw/71204141.pdf,pdf,pdf/46_10_莊世同_法律的規範性與法官的義務 對三篇評論文的回應.pdf,,pdf_text/46_10_莊世同_法律的規範性與法官的義務 對三篇評論文的回應.txt,50,,44316,
46,第 14 期,2014-03,法學期刊,,權利與法治 德沃金法哲學的詮釋特徵與實踐意義,陳閔翔,479-531,https://publication.iias.sinica.edu.tw/42804111.pdf,pdf,pdf/46_11_陳閔翔_權利與法治 德沃金法哲學的詮釋特徵與實踐意義.pdf,,pdf_text/46_11_陳閔翔_權利與法治 德沃金法哲學的詮釋特徵與實踐意義.txt,53,,53275,
79,2011 司法制度實證研究 法學專書系列之十七,2013-12,法學專書,,出版序,林子儀,i-iii,,,,,,,,,
79,2011 司法制度實證研究 法學專書系列之十七,2013-12,法學專書,,違憲政治 司法院大法官附期限違憲解釋的實證分析,葉俊榮,1-31,https://publication.iias.sinica.edu.tw/90501121.pdf,pdf,pdf/79_02_葉俊榮_違憲政治 司法院大法官附期限違憲解釋的實證分析.pdf,,pdf_text/79_02_葉俊榮_違憲政治 司法院大法官附期限違憲解釋的實證分析.txt,31,,28589,
79,2011 司法制度實證研究 法學專書系列之十七,2013-12,法學專書,,司法院大法官解釋引用外國法及判決之實證研究 大法官留學背景作為引用的關鍵因素,張文貞,33-83,https://publication.iias.sinica.edu.tw/20401121.pdf,pdf,pdf/79_03_張文貞_司法院大法官解釋引用外國法及判決之實證研究 大法官留學背景作為引用的關鍵因素.pdf,,pdf_text/79_03_張文貞_司法院大法官解釋引用外國法及判決之實證研究 大法官留學背景作為引用的關鍵因素.txt,51,,42252,
79,2011 司法制度實證研究 法學專書系列之十七,2013-12,法學專書,,美國總統發布法案簽署聲明書及相關司法判決之經驗研究,蔡季廷,85-146,https://publication.iias.sinica.edu.tw/31011111.pdf,pdf,pdf/79_04_蔡季廷_美國總統發布法案簽署聲明書及相關司法判決之經驗研究.pdf,,pdf_text/79_04_蔡季廷_美國總統發布法案簽署聲明書及相關司法判決之經驗研究.txt,62,,69400,
79,2011 司法制度實證研究 法學專書系列之十七,2013-12,法學專書,,民刑誹謗二元體系之形成與分析 以「故意過失」為中心的實證研究,許家馨,147-220,https://publication.iias.sinica.edu.tw/60011111.pdf,pdf,pdf/79_05_許家馨_民刑誹謗二元體系之形成與分析 以「故意過失」為中心的實證研究.pdf,,pdf_text/79_05_許家馨_民刑誹謗二元體系之形成與分析 以「故意過失」為中心的實證研究.txt,74,,66470,
79,2011 司法制度實證研究 法學專書系列之十七,2013-12,法學專書,,分割共有物判決之實證研究 副標題,張永健,221-264,https://publication.iias.sinica.edu.tw/40701112.pdf,pdf,pdf/79_06_張永健_分割共有物判決之實證研究 副標題.pdf,,pdf_text/79_06_張永健_分割共有物判決之實證研究 副標題.txt,44,,46010,
78,Empirical Legal Analysis: Assessing the performance of legal institutions 張永健,2013-12,外文出版品,,Introduction,Yun-chien Chang,,,,,,,,,,
78,Empirical Legal Analysis: Assessing the performance of legal institutions 張永健,2013-12,外文出版品,,Why was the democratic transition in South Africa viable?,Robert P. Inman and Daniel L. Rubinfeld,,,,,,,,,,
78,Empirical Legal Analysis: Assessing the performance of legal institutions 張永健,2013-12,外文出版品,,Reality check How malpractice facts changed Malpractice liability theory,Jennifer Arlen,,,,,,,,,,
78,Empirical Legal Analysis: Assessing the performance of legal institutions 張永健,2013-12,外文出版品,,How do we decide how long to incarcerate?,David S. Abrams,,,,,,,,,,
78,Empirical Legal Analysis: Assessing the performance of legal institutions 張永健,2013-12,外文出版品,,Does appellate precedent matter? Stock price responses to appellate court decisions on FCC actions,"Daniel L. Chen, Susan Yeh, and Alberto G. Araiza",,,,,,,,,,
78,Empirical Legal Analysis: Assessing the performance of legal institutions 張永健,2013-12,外文出版品,,Do police reduce crime? A reexamination of a natural experiment experiment,"John J. Donohue, Daniel E. Ho, and Patrick Leahy",,,,,,,,,,
78,Empirical Legal Analysis: Assessing the performance of legal institutions 張永健,2013-12,外文出版品,,To tear down or not to tear down? An empirical study of boundary encroachment cases in Taiwan,Yun-chien Chang,,,,,,,,,,
78,Empirical Legal Analysis: Assessing the performance of legal institutions 張永健,2013-12,外文出版品,,Judicial activism and government practices in litigation in the Israeli High Court of Justice 1970–2000,Yoav Dotan,,,,,,,,,,
78,Empirical Legal Analysis: Assessing the performance of legal institutions 張永健,2013-12,外文出版品,,Case selection and dissent in courts of last resort An empirical study of the Israel Supreme Court,"Theodore Eisenberg, Talia Fisher, and Issi Rosen-Zvi",,,,,,,,,,
78,Empirical Legal Analysis: Assessing the performance of legal institutions 張永健,2013-12,外文出版品,,Determinants of constitutionally safeguarded judicial review Insights based on a new indicator,"Jerg Gutmann, Bernd Hayo, and Stefan Voigt",,,,,,,,,,
45,第 13 期,2013-09,法學期刊,,法律的概念與法律規範性的來源 重省哈特的接受論證,莊世同,1-36,https://publication.iias.sinica.edu.tw/01903121.pdf,pdf,pdf/45_01_莊世同_法律的概念與法律規範性的來源 重省哈特的接受論證.pdf,,pdf_text/45_01_莊世同_法律的概念與法律規範性的來源 重省哈特的接受論證.txt,36,,36402,
45,第 13 期,2013-09,法學期刊,,信賴損害賠償請求權理論的建構,游進發,37-109,https://publication.iias.sinica.edu.tw/90013121.pdf,pdf,pdf/45_02_游進發_信賴損害賠償請求權理論的建構.pdf,,pdf_text/45_02_游進發_信賴損害賠償請求權理論的建構.txt,73,,72390,
45,第 13 期,2013-09,法學期刊,,「訴訟當事人閱覽卷宗權」與「公文書內容保密」之間的保障衝突 行政訴訟法如何回應此一兩難問題？,謝碩駿,111-182,https://publication.iias.sinica.edu.tw/41603121.pdf,pdf,pdf/45_03_謝碩駿_「訴訟當事人閱覽卷宗權」與「公文書內容保密」之間的保障衝突 行政訴訟法如何回應此一兩難問題？.pdf,,pdf_text/45_03_謝碩駿_「訴訟當事人閱覽卷宗權」與「公文書內容保密」之間的保障衝突 行政訴訟法如何回應此一兩難問題？.txt,72,,92071,
45,第 13 期,2013-09,法學期刊,,由法經濟學及比較法觀點論環境罰鍰核科中不法利得因素之定位,張英磊,183-234,https://publication.iias.sinica.edu.tw/10013121.pdf,pdf,pdf/45_04_張英磊_由法經濟學及比較法觀點論環境罰鍰核科中不法利得因素之定位.pdf,,pdf_text/45_04_張英磊_由法經濟學及比較法觀點論環境罰鍰核科中不法利得因素之定位.txt,51,,55106,
45,第 13 期,2013-09,法學期刊,,物權法定的效率問題再思考 文獻回顧與視角轉換,張巍,235-278,https://publication.iias.sinica.edu.tw/91903121.pdf,pdf,pdf/45_05_張巍_物權法定的效率問題再思考 文獻回顧與視角轉換.pdf,,pdf_text/45_05_張巍_物權法定的效率問題再思考 文獻回顧與視角轉換.txt,44,,50995,
45,第 13 期,2013-09,法學期刊,,以心理學研究建構我國指認證據的評價方式,金孟華,279-326,https://publication.iias.sinica.edu.tw/60603121.pdf,pdf,pdf/45_06_金孟華_以心理學研究建構我國指認證據的評價方式.pdf,,pdf_text/45_06_金孟華_以心理學研究建構我國指認證據的評價方式.txt,48,,47355,
44,第 12 期,2013-03,法學期刊,,出刊辭,林子儀,,https://publication.iias.sinica.edu.tw/journal12ch00CN.pdf,pdf,pdf/44_01_林子儀_出刊辭.pdf,,pdf_text/44_01_林子儀_出刊辭.txt,2,,964,
44,第 12 期,2013-03,法學期刊,,主題演說：Contract versus Property Remedies Omri Ben-Shahar,Omri Ben-Shahar,1-29,https://publication.iias.sinica.edu.tw/51602121.pdf,pdf,pdf/44_02_Omri_Ben-Shahar_主題演說：Contract versus Property Remedies Omri Ben-Shahar.pdf,,pdf_text/44_02_Omri_Ben-Shahar_主題演說：Contract versus Property Remedies Omri Ben-Shahar.txt,29,,54043,
44,第 12 期,2013-03,法學期刊,,主題演說：Property in Housing,Lee Anne Fennell,31-78,https://publication.iias.sinica.edu.tw/61602121.pdf,pdf,pdf/44_03_Lee_Anne_Fennell_主題演說：Property in Housing.pdf,,pdf_text/44_03_Lee_Anne_Fennell_主題演說：Property in Housing.txt,48,,104387,
44,第 12 期,2013-03,法學期刊,,從經濟觀點論企業風險管理與董事監督義務,蔡昌憲,79-152,https://publication.iias.sinica.edu.tw/90702121.pdf,pdf,pdf/44_04_蔡昌憲_從經濟觀點論企業風險管理與董事監督義務.pdf,,pdf_text/44_04_蔡昌憲_從經濟觀點論企業風險管理與董事監督義務.txt,74,,97977,
44,第 12 期,2013-03,法學期刊,,越界建築之經濟分析,張永健,153-201,https://publication.iias.sinica.edu.tw/90702122.pdf,pdf,pdf/44_05_張永健_越界建築之經濟分析.pdf,,pdf_text/44_05_張永健_越界建築之經濟分析.txt,49,,59934,
44,第 12 期,2013-03,法學期刊,,從基本權限制條款看憲法規範的形式理性及其價值,趙宏,203-261,https://publication.iias.sinica.edu.tw/62402121.pdf,pdf,pdf/44_06_趙宏_從基本權限制條款看憲法規範的形式理性及其價值.pdf,,pdf_text/44_06_趙宏_從基本權限制條款看憲法規範的形式理性及其價值.txt,59,,53735,
44,第 12 期,2013-03,法學期刊,,刑事追訴時效之理論根據、法律性質及法律效果,薛智仁,263-324,https://publication.iias.sinica.edu.tw/40702121.pdf,pdf,pdf/44_07_薛智仁_刑事追訴時效之理論根據、法律性質及法律效果.pdf,,pdf_text/44_07_薛智仁_刑事追訴時效之理論根據、法律性質及法律效果.txt,62,,66600,
44,第 12 期,2013-03,法學期刊,,臺灣憲政體制與政黨政治下的權力分立,林春元,325-370,https://publication.iias.sinica.edu.tw/80112111.pdf,pdf,pdf/44_08_林春元_臺灣憲政體制與政黨政治下的權力分立.pdf,,pdf_text/44_08_林春元_臺灣憲政體制與政黨政治下的權力分立.txt,46,,47630,
77,2011 行政管制與行政爭訟 民營化時代的行政法新趨勢,2012-12,法學專書,,出版序,李建良,i-iv,https://publication.iias.sinica.edu.tw/AdminLaw2011CH00.pdf,pdf,pdf/77_01_李建良_出版序.pdf,,pdf_text/77_01_李建良_出版序.txt,2,,1065,
77,2011 行政管制與行政爭訟 民營化時代的行政法新趨勢,2012-12,法學專書,,導論：民營化時代的行政法新思維,李建良,1-27,https://publication.iias.sinica.edu.tw/21216111.pdf,pdf,pdf/77_02_李建良_導論：民營化時代的行政法新思維.pdf,,pdf_text/77_02_李建良_導論：民營化時代的行政法新思維.txt,27,,25330,
77,2011 行政管制與行政爭訟 民營化時代的行政法新趨勢,2012-12,法學專書,,Neue Tendenzen des Verwaltungsrechts im Zeitalter der Privatisierung,Hartmut Bauer,29-81,https://publication.iias.sinica.edu.tw/91116111.pdf,pdf,pdf/77_03_Hartmut_Bauer_Neue Tendenzen des Verwaltungsrechts im Zeitalter der Privatisierung.pdf,,pdf_text/77_03_Hartmut_Bauer_Neue Tendenzen des Verwaltungsrechts im Zeitalter der Privatisierung.txt,53,,121055,
77,2011 行政管制與行政爭訟 民營化時代的行政法新趨勢,2012-12,法學專書,,譯文：民營化時代的行政法新趨勢,李建良（譯）,83-112,https://publication.iias.sinica.edu.tw/91116112.pdf,pdf,pdf/77_04_李建良_譯文：民營化時代的行政法新趨勢.pdf,,pdf_text/77_04_李建良_譯文：民營化時代的行政法新趨勢.txt,30,,43050,
77,2011 行政管制與行政爭訟 民營化時代的行政法新趨勢,2012-12,法學專書,,「公共服務」或「普及服務」？ 以法國學說的反思和法制的演進為中心,王必芳,113-197,https://publication.iias.sinica.edu.tw/32306121.pdf,pdf,pdf/77_05_王必芳_「公共服務」或「普及服務」？ 以法國學說的反思和法制的演進為中心.pdf,,pdf_text/77_05_王必芳_「公共服務」或「普及服務」？ 以法國學說的反思和法制的演進為中心.txt,85,,91682,
77,2011 行政管制與行政爭訟 民營化時代的行政法新趨勢,2012-12,法學專書,,私營化的法之界限,林依仁,199-295,https://publication.iias.sinica.edu.tw/30406121.pdf,pdf,pdf/77_06_林依仁_私營化的法之界限.pdf,,pdf_text/77_06_林依仁_私營化的法之界限.txt,97,,110674,
76,2011 科技發展與法律規範雙年刊 健康、科學與人權－法學專書系列之十五,2012-12,法學專書,,出版序,林子儀,i-v,https://publication.iias.sinica.edu.tw/S&T2011CH00.pdf,pdf,pdf/76_01_林子儀_出版序.pdf,,pdf_text/76_01_林子儀_出版序.txt,2,,1297,
76,2011 科技發展與法律規範雙年刊 健康、科學與人權－法學專書系列之十五,2012-12,法學專書,,導讀：科學與法律之價值衝突與調和,吳全峰,xiii-xxvi,https://publication.iias.sinica.edu.tw/21215111.pdf,pdf,pdf/76_02_吳全峰_導讀：科學與法律之價值衝突與調和.pdf,,pdf_text/76_02_吳全峰_導讀：科學與法律之價值衝突與調和.txt,14,,15709,
76,2011 科技發展與法律規範雙年刊 健康、科學與人權－法學專書系列之十五,2012-12,法學專書,,Out of Obscurity The Right to Benefit from Advances in Science and Technology and Its Implications for Global Health,Stephen P. Marks,1-55,https://publication.iias.sinica.edu.tw/81215101.pdf,pdf,pdf/76_03_Stephen_P._Marks_Out of Obscurity The Right to Benefit from Advances in Science and Technology and Its Implications f.pdf,,pdf_text/76_03_Stephen_P._Marks_Out of Obscurity The Right to Benefit from Advances in Science and Technology and Its Implications f.txt,55,,104162,
76,2011 科技發展與法律規範雙年刊 健康、科學與人權－法學專書系列之十五,2012-12,法學專書,,基因研究成果之專利保護及權利範圍 從美歐新近個案談基因專利權對公共衛生之影響,李素華,57-129,https://publication.iias.sinica.edu.tw/51905111.pdf,pdf,pdf/76_04_李素華_基因研究成果之專利保護及權利範圍 從美歐新近個案談基因專利權對公共衛生之影響.pdf,,pdf_text/76_04_李素華_基因研究成果之專利保護及權利範圍 從美歐新近個案談基因專利權對公共衛生之影響.txt,73,,90267,
76,2011 科技發展與法律規範雙年刊 健康、科學與人權－法學專書系列之十五,2012-12,法學專書,,跨國製藥企業保障藥物近用權利之人權責任 演繹與規範,吳全峰,131-297,https://publication.iias.sinica.edu.tw/70605121.pdf,pdf,pdf/76_05_吳全峰_跨國製藥企業保障藥物近用權利之人權責任 演繹與規範.pdf,,pdf_text/76_05_吳全峰_跨國製藥企業保障藥物近用權利之人權責任 演繹與規範.txt,167,,284383,
76,2011 科技發展與法律規範雙年刊 健康、科學與人權－法學專書系列之十五,2012-12,法學專書,,從人權保障的觀點審視人工生殖法制所面對的難題 兼論幾則歐洲人權法院的判決,戴瑀如,299-339,https://publication.iias.sinica.edu.tw/61305111.pdf,pdf,pdf/76_06_戴瑀如_從人權保障的觀點審視人工生殖法制所面對的難題 兼論幾則歐洲人權法院的判決.pdf,,pdf_text/76_06_戴瑀如_從人權保障的觀點審視人工生殖法制所面對的難題 兼論幾則歐洲人權法院的判決.txt,41,,34748,
76,2011 科技發展與法律規範雙年刊 健康、科學與人權－法學專書系列之十五,2012-12,法學專書,,配子捐贈者身分之揭露或保密,林昀嫺,341-384,https://publication.iias.sinica.edu.tw/41015111.pdf,pdf,pdf/76_07_林昀嫺_配子捐贈者身分之揭露或保密.pdf,,pdf_text/76_07_林昀嫺_配子捐贈者身分之揭露或保密.txt,44,,46032,
76,2011 科技發展與法律規範雙年刊 健康、科學與人權－法學專書系列之十五,2012-12,法學專書,,國際組織之可課責性 以世界衛生組織與其H1N1新流感決策為例,吳建輝,385-451,https://publication.iias.sinica.edu.tw/51405111.pdf,pdf,pdf/76_08_吳建輝_國際組織之可課責性 以世界衛生組織與其H1N1新流感決策為例.pdf,,pdf_text/76_08_吳建輝_國際組織之可課責性 以世界衛生組織與其H1N1新流感決策為例.txt,67,,68132,
76,2011 科技發展與法律規範雙年刊 健康、科學與人權－法學專書系列之十五,2012-12,法學專書,,全球衛生治理中之專家決策與透明度問題 以H1N1新流感事件為例,蔡奉真,453-500,https://publication.iias.sinica.edu.tw/61305112.pdf,pdf,pdf/76_09_蔡奉真_全球衛生治理中之專家決策與透明度問題 以H1N1新流感事件為例.pdf,,pdf_text/76_09_蔡奉真_全球衛生治理中之專家決策與透明度問題 以H1N1新流感事件為例.txt,48,,52441,
76,2011 科技發展與法律規範雙年刊 健康、科學與人權－法學專書系列之十五,2012-12,法學專書,,承載國家重責大任的身體 菸害防制法禁止孕婦吸菸規定之社會意涵,官曉薇,501-547,https://publication.iias.sinica.edu.tw/02605121.pdf,pdf,pdf/76_10_官曉薇_承載國家重責大任的身體 菸害防制法禁止孕婦吸菸規定之社會意涵.pdf,,pdf_text/76_10_官曉薇_承載國家重責大任的身體 菸害防制法禁止孕婦吸菸規定之社會意涵.txt,47,,45581,
43,第 11 期,2012-09,法學期刊,,論差別影響歧視與差別對待歧視的關係 評美國最高法院Ricci v. DeStefano (2009)判決,黃昭元,1-63,https://publication.iias.sinica.edu.tw/50401121.pdf,pdf,pdf/43_01_黃昭元_論差別影響歧視與差別對待歧視的關係 評美國最高法院Ricci v. DeStefano (2009)判決.pdf,,pdf_text/43_01_黃昭元_論差別影響歧視與差別對待歧視的關係 評美國最高法院Ricci v. DeStefano (2009)判決.txt,63,,87517,
43,第 11 期,2012-09,法學期刊,,違法聯合行為協議之私法上效力 競爭法與民法第71條之雙向實證與釋義分析,王立達、許翠玲,65-127,https://publication.iias.sinica.edu.tw/92201121.pdf,pdf,pdf/43_02_王立達_許翠玲_違法聯合行為協議之私法上效力 競爭法與民法第71條之雙向實證與釋義分析.pdf,,pdf_text/43_02_王立達_許翠玲_違法聯合行為協議之私法上效力 競爭法與民法第71條之雙向實證與釋義分析.txt,63,,66206,
43,第 11 期,2012-09,法學期刊,,行政命令的抽象司法審查 以法國法為中心,王必芳,129-202,https://publication.iias.sinica.edu.tw/90801111.pdf,pdf,pdf/43_03_王必芳_行政命令的抽象司法審查 以法國法為中心.pdf,,pdf_text/43_03_王必芳_行政命令的抽象司法審查 以法國法為中心.txt,74,,79113,
43,第 11 期,2012-09,法學期刊,,獨立於內容的理由與法律的規範性,王鵬翔,203-247,https://publication.iias.sinica.edu.tw/72011111.pdf,pdf,pdf/43_04_王鵬翔_獨立於內容的理由與法律的規範性.pdf,,pdf_text/43_04_王鵬翔_獨立於內容的理由與法律的規範性.txt,45,,47604,
43,第 11 期,2012-09,法學期刊,,評我國強制設置薪酬委員會之立法政策 從經濟分析及美國金融改革法談起,蔡昌憲,249-340,https://publication.iias.sinica.edu.tw/21211111.pdf,pdf,pdf/43_05_蔡昌憲_評我國強制設置薪酬委員會之立法政策 從經濟分析及美國金融改革法談起.pdf,,pdf_text/43_05_蔡昌憲_評我國強制設置薪酬委員會之立法政策 從經濟分析及美國金融改革法談起.txt,92,,121518,
43,第 11 期,2012-09,法學期刊,,作法 Bruno Latour在法國最高行政法院的民族誌書寫,吳宗謀,341-369,https://publication.iias.sinica.edu.tw/50301121.pdf,pdf,pdf/43_06_吳宗謀_作法 Bruno Latour在法國最高行政法院的民族誌書寫.pdf,,pdf_text/43_06_吳宗謀_作法 Bruno Latour在法國最高行政法院的民族誌書寫.txt,29,,32677,
43,第 11 期,2012-09,法學期刊,,試評美國環境影響評估制度的行政監督,康文尚,371-429,https://publication.iias.sinica.edu.tw/40701111.pdf,pdf,pdf/43_07_康文尚_試評美國環境影響評估制度的行政監督.pdf,,pdf_text/43_07_康文尚_試評美國環境影響評估制度的行政監督.txt,59,,65584,
42,第 10 期,2012-03,法學期刊,,出刊辭,林子儀,,https://publication.iias.sinica.edu.tw/journal10ch00CN.pdf,pdf,pdf/42_01_林子儀_出刊辭.pdf,,pdf_text/42_01_林子儀_出刊辭.txt,2,,1274,
42,第 10 期,2012-03,法學期刊,,行政保留之比較研究 以半總統制之行政命令權為中心,陳淳文,1-80,https://publication.iias.sinica.edu.tw/70600111.pdf,pdf,pdf/42_02_陳淳文_行政保留之比較研究 以半總統制之行政命令權為中心.pdf,,pdf_text/42_02_陳淳文_行政保留之比較研究 以半總統制之行政命令權為中心.txt,80,,80626,
42,第 10 期,2012-03,法學期刊,,故意認定之理論與實務 以殺人與傷害故意之區分難題為核心,徐育安,81-159,https://publication.iias.sinica.edu.tw/02600111.pdf,pdf,pdf/42_03_徐育安_故意認定之理論與實務 以殺人與傷害故意之區分難題為核心.pdf,,pdf_text/42_03_徐育安_故意認定之理論與實務 以殺人與傷害故意之區分難題為核心.txt,79,,82895,
42,第 10 期,2012-03,法學期刊,,連動債糾紛的司法實踐 2009至2010年間相關判決之研究,陳肇鴻,161-223,https://publication.iias.sinica.edu.tw/62400111.pdf,pdf,pdf/42_04_陳肇鴻_連動債糾紛的司法實踐 2009至2010年間相關判決之研究.pdf,,pdf_text/42_04_陳肇鴻_連動債糾紛的司法實踐 2009至2010年間相關判決之研究.txt,63,,61063,
42,第 10 期,2012-03,法學期刊,,國家通訊傳播委員會訴願制度實證研究（2007–2009年）,孫德至、司徒嘉恆,225-279,https://publication.iias.sinica.edu.tw/92300111.pdf,pdf,pdf/42_05_孫德至_司徒嘉恆_國家通訊傳播委員會訴願制度實證研究（2007–2009年）.pdf,,pdf_text/42_05_孫德至_司徒嘉恆_國家通訊傳播委員會訴願制度實證研究（2007–2009年）.txt,55,,66233,
42,第 10 期,2012-03,法學期刊,,國際人權法與國內政治動員 評論Beth Simmons的MOBILIZING FOR HUMAN RIGHTS:INTERNATIONAL LAW IN DOMESTIC POLITICS,顏永銘,281-300,https://publication.iias.sinica.edu.tw/11800111.pdf,pdf,pdf/42_06_顏永銘_國際人權法與國內政治動員 評論Beth Simmons的MOBILIZING FOR HUMAN RIGHTS：INTERNATIONAL LAW IN DOMESTIC POLITICS.pdf,,pdf_text/42_06_顏永銘_國際人權法與國內政治動員 評論Beth Simmons的MOBILIZING FOR HUMAN RIGHTS：INTERNATIONAL LAW IN DOMESTIC POLITICS.txt,20,,18476,
42,第 10 期,2012-03,法學期刊,,我國原住民學生升學優待措施的評析 從Kymlicka的自由多元文化主義觀點出發,涂予尹,301-354,https://publication.iias.sinica.edu.tw/82300111.pdf,pdf,pdf/42_07_涂予尹_我國原住民學生升學優待措施的評析 從Kymlicka的自由多元文化主義觀點出發.pdf,,pdf_text/42_07_涂予尹_我國原住民學生升學優待措施的評析 從Kymlicka的自由多元文化主義觀點出發.txt,54,,54430,
75,2010 行政管制與行政爭訟 法學專書系列之十四,2011-11,法學專書,,出版序,湯德宗,i-iv,https://publication.iias.sinica.edu.tw/book/book14/book14ch00/files/assets/basic-html/index.html#1,html,,html_docs/75_01_湯德宗_出版序/entry.html,html_text/75_01_湯德宗_出版序.txt,,2,752,
75,2010 行政管制與行政爭訟 法學專書系列之十四,2011-11,法學專書,,日本における独占禁止法の法執行の変遷,宇賀克也,1-30,https://publication.iias.sinica.edu.tw/book/book14/book14ch01/files/assets/basic-html/index.html#1,html,,html_docs/75_02_宇賀克也_日本における独占禁止法の法執行の変遷/entry.html,html_text/75_02_宇賀克也_日本における独占禁止法の法執行の変遷.txt,,30,15071,
75,2010 行政管制與行政爭訟 法學專書系列之十四,2011-11,法學專書,,譯文-日本獨占禁止法法執行之變遷,范姜真媺 譯,31-52,https://publication.iias.sinica.edu.tw/book/book14/book14ch02/files/assets/basic-html/index.html#1,html,,html_docs/75_03_范姜真媺_譯文-日本獨占禁止法法執行之變遷/entry.html,html_text/75_03_范姜真媺_譯文-日本獨占禁止法法執行之變遷.txt,,22,10511,
75,2010 行政管制與行政爭訟 法學專書系列之十四,2011-11,法學專書,,The European Court of Human Rights and the “Margin of Appreciation” Doctrine How Much Discretion Is Left to a State in Human Rights Matters?,Lech Garlicki,53-96,https://publication.iias.sinica.edu.tw/book/book14/book14ch03/files/assets/basic-html/index.html#1,html,,html_docs/75_04_Lech_Garlicki_The_European_Court_of_Human_Rights_and_the_“Margin_of_Appreciation”_Doctrine_How_Much_Disc/entry.html,html_text/75_04_Lech_Garlicki_The_European_Court_of_Human_Rights_and_the_“Margin_of_Appreciation”_Doctrine_How_Much_Disc.txt,,44,30674,
75,2010 行政管制與行政爭訟 法學專書系列之十四,2011-11,法學專書,,譯文-歐洲人權法院與「評斷餘地」原則 人權事務中尚存幾分國家裁量空間？,翁燕菁 譯,97-128,https://publication.iias.sinica.edu.tw/book/book14/book14ch04/files/assets/basic-html/index.html#1,html,,html_docs/75_05_翁燕菁_譯文-歐洲人權法院與「評斷餘地」原則_人權事務中尚存幾分國家裁量空間？/entry.html,html_text/75_05_翁燕菁_譯文-歐洲人權法院與「評斷餘地」原則_人權事務中尚存幾分國家裁量空間？.txt,,32,19400,
75,2010 行政管制與行政爭訟 法學專書系列之十四,2011-11,法學專書,,司法審查健保給付決策的正當性及其界限？ 全民健保高科技診療項目判決分析,雷文玫,129-193,https://publication.iias.sinica.edu.tw/book/book14/book14ch05/files/assets/basic-html/index.html#1,html,,html_docs/75_06_雷文玫_司法審查健保給付決策的正當性及其界限？_全民健保高科技診療項目判決分析/entry.html,html_text/75_06_雷文玫_司法審查健保給付決策的正當性及其界限？_全民健保高科技診療項目判決分析.txt,,65,33775,
75,2010 行政管制與行政爭訟 法學專書系列之十四,2011-11,法學專書,,罰鍰裁量與司法審查 以行政罰法第十八條適用為中心,王韻茹,195-248,https://publication.iias.sinica.edu.tw/book/book14/book14ch06/files/assets/basic-html/index.html#1,html,,html_docs/75_07_王韻茹_罰鍰裁量與司法審查_以行政罰法第十八條適用為中心/entry.html,html_text/75_07_王韻茹_罰鍰裁量與司法審查_以行政罰法第十八條適用為中心.txt,,54,29621,
75,2010 行政管制與行政爭訟 法學專書系列之十四,2011-11,法學專書,,保護規範理論之思維與應用 行政法院裁判若干問題舉隅,李建良,249-520,https://publication.iias.sinica.edu.tw/book/book14/book14ch07/files/assets/basic-html/index.html#1,html,,html_docs/75_08_李建良_保護規範理論之思維與應用_行政法院裁判若干問題舉隅/entry.html,html_text/75_08_李建良_保護規範理論之思維與應用_行政法院裁判若干問題舉隅.txt,,72,39977,
75,2010 行政管制與行政爭訟 法學專書系列之十四,2011-11,法學專書,,環境決策、司法審查與行政合理性 試析台灣與美國環境影響評估訴訟中行政判斷之合法性控制,黃丞儀,321-391,https://publication.iias.sinica.edu.tw/book/book14/book14ch08/files/assets/basic-html/index.html#1,html,,html_docs/75_09_黃丞儀_環境決策、司法審查與行政合理性_試析台灣與美國環境影響評估訴訟中行政判斷之合法性控制/entry.html,html_text/75_09_黃丞儀_環境決策、司法審查與行政合理性_試析台灣與美國環境影響評估訴訟中行政判斷之合法性控制.txt,,112,59453,
75,2010 行政管制與行政爭訟 法學專書系列之十四,2011-11,法學專書,,資訊公開暨資訊隱私法案例研究(2009/01～2009/12) 副標題,湯德宗,433-505,https://publication.iias.sinica.edu.tw/book/book14/book14ch09/files/assets/basic-html/index.html#1,html,,html_docs/75_10_湯德宗_資訊公開暨資訊隱私法案例研究(2009_01～2009_12)_副標題/entry.html,html_text/75_10_湯德宗_資訊公開暨資訊隱私法案例研究(2009_01～2009_12)_副標題.txt,,73,35772,
75,2010 行政管制與行政爭訟 法學專書系列之十四,2011-11,法學專書,,引言,湯德宗,507-523,https://publication.iias.sinica.edu.tw/book/book14/book14ch10/files/assets/basic-html/index.html#1,html,,html_docs/75_11_湯德宗_引言/entry.html,html_text/75_11_湯德宗_引言.txt,,17,6721,
75,2010 行政管制與行政爭訟 法學專書系列之十四,2011-11,法學專書,,中科三期環評案的雙贏策略 最高行政法院99年度裁字第2029號及第2032號裁定後續發展,沈世宏,525-541,https://publication.iias.sinica.edu.tw/book/book14/book14ch11/files/assets/basic-html/index.html#1,html,,html_docs/75_12_沈世宏_中科三期環評案的雙贏策略_最高行政法院99年度裁字第2029號及第2032號裁定後續發展/entry.html,html_text/75_12_沈世宏_中科三期環評案的雙贏策略_最高行政法院99年度裁字第2029號及第2032號裁定後續發展.txt,,17,7609,
75,2010 行政管制與行政爭訟 法學專書系列之十四,2011-11,法學專書,,中科三期環評案雙贏策略,馮詠淮,543-545,https://publication.iias.sinica.edu.tw/book/book14/book14ch12/files/assets/basic-html/index.html#1,html,,html_docs/75_13_馮詠淮_中科三期環評案雙贏策略/entry.html,html_text/75_13_馮詠淮_中科三期環評案雙贏策略.txt,,3,1298,
75,2010 行政管制與行政爭訟 法學專書系列之十四,2011-11,法學專書,,從規範目的探求環評法第十四條第一項之意涵,王毓正,547-560,https://publication.iias.sinica.edu.tw/book/book14/book14ch13/files/assets/basic-html/index.html#1,html,,html_docs/75_14_王毓正_從規範目的探求環評法第十四條第一項之意涵/entry.html,html_text/75_14_王毓正_從規範目的探求環評法第十四條第一項之意涵.txt,,14,6873,
75,2010 行政管制與行政爭訟 法學專書系列之十四,2011-11,法學專書,,中科三期環評案的雙贏策略與談稿 環評制度之發展與評估,張英磊,561-572,https://publication.iias.sinica.edu.tw/book/book14/book14ch14/files/assets/basic-html/index.html#1,html,,html_docs/75_15_張英磊_中科三期環評案的雙贏策略與談稿_環評制度之發展與評估/entry.html,html_text/75_15_張英磊_中科三期環評案的雙贏策略與談稿_環評制度之發展與評估.txt,,12,6333,
75,2010 行政管制與行政爭訟 法學專書系列之十四,2011-11,法學專書,,環境影響評估制度之哪來與哪去！,宮文祥,573-589,https://publication.iias.sinica.edu.tw/book/book14/book14ch15/files/assets/basic-html/index.html#1,html,,html_docs/75_16_宮文祥_環境影響評估制度之哪來與哪去！/entry.html,html_text/75_16_宮文祥_環境影響評估制度之哪來與哪去！.txt,,17,7942,
75,2010 行政管制與行政爭訟 法學專書系列之十四,2011-11,法學專書,,思辯論壇•會議實錄,與會來賓,591-624,https://publication.iias.sinica.edu.tw/book/book14/book14ch16/files/assets/basic-html/index.html#1,html,,html_docs/75_17_與會來賓_思辯論壇•會議實錄/entry.html,html_text/75_17_與會來賓_思辯論壇•會議實錄.txt,,34,14181,
92,2010 兩岸四地法律發展(下冊) 法學叢書系列之三,2011-09,法學叢書,,出版序,湯德宗,i-ix,,,,,,,,,
92,2010 兩岸四地法律發展(下冊) 法學叢書系列之三,2011-09,法學叢書,,Continuing Professional Education for Lawyers The Case of Hong Kong,"Bronwyn L. Davies, Simon T. M. Ng",693-730,https://publication.iias.sinica.edu.tw/books/books03/books03b/books03bch16-1/files/assets/basic-html/index.html#1,html,,html_docs/92_02_Bronwyn_L._Davies_Simon_T._M._Ng_Continuing_Professional_Education_for_Lawyers_The_Case_of_Hong_Kong/index.html,html_text/92_02_Bronwyn_L._Davies_Simon_T._M._Ng_Continuing_Professional_Education_for_Lawyers_The_Case_of_Hong_Kong.txt,,38,20282,
92,2010 兩岸四地法律發展(下冊) 法學叢書系列之三,2011-09,法學叢書,,評論文：香港律師職業教育的啟示 對吳達明教授及Bronwyn L. Davies律師〈律師職業繼續教育— 以香港為例文的評論,曾粵興,731-736,https://publication.iias.sinica.edu.tw/books/books03/books03b/books03bch16-2/files/assets/basic-html/index.html#1,html,,html_docs/92_03_曾粵興_評論文：香港律師職業教育的啟示_對吳達明教授及Bronwyn_L._Davies律師〈律師職業繼續教育—_以香港為例文的評論/index.html,html_text/92_03_曾粵興_評論文：香港律師職業教育的啟示_對吳達明教授及Bronwyn_L._Davies律師〈律師職業繼續教育—_以香港為例文的評論.txt,,6,2480,
92,2010 兩岸四地法律發展(下冊) 法學叢書系列之三,2011-09,法學叢書,,評論文：分支，管理，產業：香港法律專業的持續進修的三個方面 評Bronwyn Davies律師及吳達明助理教授的文章,羅沛然,737-742,https://publication.iias.sinica.edu.tw/books/books03/books03b/books03bch16-3/files/assets/basic-html/index.html#1,html,,html_docs/92_04_羅沛然_評論文：分支，管理，產業：香港法律專業的持續進修的三個方面_評Bronwyn_Davies律師及吳達明助理教授的文章/index.html,html_text/92_04_羅沛然_評論文：分支，管理，產業：香港法律專業的持續進修的三個方面_評Bronwyn_Davies律師及吳達明助理教授的文章.txt,,6,3110,
92,2010 兩岸四地法律發展(下冊) 法學叢書系列之三,2011-09,法學叢書,,展望澳門法律人的培訓工作,邱庭彪,743-759,https://publication.iias.sinica.edu.tw/books/books03/books03b/books03bch17-1/files/assets/basic-html/index.html#1,html,,html_docs/92_05_邱庭彪_展望澳門法律人的培訓工作/index.html,html_text/92_05_邱庭彪_展望澳門法律人的培訓工作.txt,,17,7609,
92,2010 兩岸四地法律發展(下冊) 法學叢書系列之三,2011-09,法學叢書,,評論文：法律雙語地域的挑戰 澳門與香港的異同,周偉信,761-763,https://publication.iias.sinica.edu.tw/books/books03/books03b/books03bch17-2/files/assets/basic-html/index.html#1,html,,html_docs/92_06_周偉信_評論文：法律雙語地域的挑戰_澳門與香港的異同/index.html,html_text/92_06_周偉信_評論文：法律雙語地域的挑戰_澳門與香港的異同.txt,,3,1244,
92,2010 兩岸四地法律發展(下冊) 法學叢書系列之三,2011-09,法學叢書,,評論文：關於培養澳門本地法律人才的思考,趙國強,765-769,https://publication.iias.sinica.edu.tw/books/books03/books03b/books03bch17-3/files/assets/basic-html/index.html#1,html,,html_docs/92_07_趙國強_評論文：關於培養澳門本地法律人才的思考/index.html,html_text/92_07_趙國強_評論文：關於培養澳門本地法律人才的思考.txt,,5,2234,
92,2010 兩岸四地法律發展(下冊) 法學叢書系列之三,2011-09,法學叢書,,法律在職教育的沿革與展望,許政賢,771-842,https://publication.iias.sinica.edu.tw/books/books03/books03b/books03bch18/files/assets/basic-html/index.html#1,html,,html_docs/92_08_許政賢_法律在職教育的沿革與展望/index.html,html_text/92_08_許政賢_法律在職教育的沿革與展望.txt,,72,34391,
92,2010 兩岸四地法律發展(下冊) 法學叢書系列之三,2011-09,法學叢書,,台灣法官在職進修的現況與憧憬,黃國昌 湯德宗,843-895,https://publication.iias.sinica.edu.tw/books/books03/books03b/books03bch19-1/files/assets/basic-html/index.html#1,html,,html_docs/92_09_黃國昌_湯德宗_台灣法官在職進修的現況與憧憬/index.html,html_text/92_09_黃國昌_湯德宗_台灣法官在職進修的現況與憧憬.txt,,53,25792,
92,2010 兩岸四地法律發展(下冊) 法學叢書系列之三,2011-09,法學叢書,,評論文：臺灣法律人在職教育的經驗與思考,米 健,897-905,https://publication.iias.sinica.edu.tw/books/books03/books03b/books03bch19-2/files/assets/basic-html/index.html#1,html,,html_docs/92_10_米_健_評論文：臺灣法律人在職教育的經驗與思考/index.html,html_text/92_10_米_健_評論文：臺灣法律人在職教育的經驗與思考.txt,,9,3986,
92,2010 兩岸四地法律發展(下冊) 法學叢書系列之三,2011-09,法學叢書,,評論文：議題三「法律專門職業在職教育」（二）,黃文圝,907-921,https://publication.iias.sinica.edu.tw/books/books03/books03b/books03bch19-3/files/assets/basic-html/index.html#1,html,,html_docs/92_11_黃文圝_評論文：議題三「法律專門職業在職教育」（二）/index.html,html_text/92_11_黃文圝_評論文：議題三「法律專門職業在職教育」（二）.txt,,15,6939,
92,2010 兩岸四地法律發展(下冊) 法學叢書系列之三,2011-09,法學叢書,,大陸檢察官教育模式之探析,李 立,923-938,https://publication.iias.sinica.edu.tw/books/books03/books03b/books03bch20/files/assets/basic-html/index.html#1,html,,html_docs/92_12_李_立_大陸檢察官教育模式之探析/index.html,html_text/92_12_李_立_大陸檢察官教育模式之探析.txt,,16,7125,
92,2010 兩岸四地法律發展(下冊) 法學叢書系列之三,2011-09,法學叢書,,大陸法官教育培訓工作的回顧與展望,金俊銀,939-959,https://publication.iias.sinica.edu.tw/books/books03/books03b/books03bch21-1/files/assets/basic-html/index.html#1,html,,html_docs/92_13_金俊銀_大陸法官教育培訓工作的回顧與展望/index.html,html_text/92_13_金俊銀_大陸法官教育培訓工作的回顧與展望.txt,,21,10094,
92,2010 兩岸四地法律發展(下冊) 法學叢書系列之三,2011-09,法學叢書,,評論文：淺評「中國大陸檢察官教育模式之探析」與「大陸法官教育培訓制度的回顧和展望」二文 比較兩岸司法官培訓制度之我思我見我感,林輝煌,961-971,https://publication.iias.sinica.edu.tw/books/books03/books03b/books03bch21-2/files/assets/basic-html/index.html#1,html,,html_docs/92_14_林輝煌_評論文：淺評「中國大陸檢察官教育模式之探析」與「大陸法官教育培訓制度的回顧和展望」二文_比較兩岸司法官培訓制度之我思我見我感/index.html,html_text/92_14_林輝煌_評論文：淺評「中國大陸檢察官教育模式之探析」與「大陸法官教育培訓制度的回顧和展望」二文_比較兩岸司法官培訓制度之我思我見我感.txt,,11,6745,
92,2010 兩岸四地法律發展(下冊) 法學叢書系列之三,2011-09,法學叢書,,評論文：中國大陸司法職業教育的現狀與未來反思 對兩位報告人論文的簡要評論,呂忠梅,973-978,https://publication.iias.sinica.edu.tw/books/books03/books03b/books03bch21-3/files/assets/basic-html/index.html#1,html,,html_docs/92_15_呂忠梅_評論文：中國大陸司法職業教育的現狀與未來反思_對兩位報告人論文的簡要評論/index.html,html_text/92_15_呂忠梅_評論文：中國大陸司法職業教育的現狀與未來反思_對兩位報告人論文的簡要評論.txt,,6,2795,
92,2010 兩岸四地法律發展(下冊) 法學叢書系列之三,2011-09,法學叢書,,澳門社會大眾法治教育,沈雲樵,979-1004,https://publication.iias.sinica.edu.tw/books/books03/books03b/books03bch22-1/files/assets/basic-html/index.html#1,html,,html_docs/92_16_沈雲樵_澳門社會大眾法治教育/index.html,html_text/92_16_沈雲樵_澳門社會大眾法治教育.txt,,26,11659,
92,2010 兩岸四地法律發展(下冊) 法學叢書系列之三,2011-09,法學叢書,,評論文：評沈雲樵《澳門的社會大眾法治教育》,陳猷龍,1005-1008,https://publication.iias.sinica.edu.tw/books/books03/books03b/books03bch22-2/files/assets/basic-html/index.html#1,html,,html_docs/92_17_陳猷龍_評論文：評沈雲樵《澳門的社會大眾法治教育》/index.html,html_text/92_17_陳猷龍_評論文：評沈雲樵《澳門的社會大眾法治教育》.txt,,4,1882,
92,2010 兩岸四地法律發展(下冊) 法學叢書系列之三,2011-09,法學叢書,,評論文：關於《澳門的大眾法治教育》的評論,孫同鵬,1009-1012,https://publication.iias.sinica.edu.tw/books/books03/books03b/books03bch22-3/files/assets/basic-html/index.html#1,html,,html_docs/92_18_孫同鵬_評論文：關於《澳門的大眾法治教育》的評論/index.html,html_text/92_18_孫同鵬_評論文：關於《澳門的大眾法治教育》的評論.txt,,4,1849,
92,2010 兩岸四地法律發展(下冊) 法學叢書系列之三,2011-09,法學叢書,,法治教育在台灣中小學的實踐與檢討,許育典,1013-1042,https://publication.iias.sinica.edu.tw/books/books03/books03b/books03bch23/files/assets/basic-html/index.html#1,html,,html_docs/92_19_許育典_法治教育在台灣中小學的實踐與檢討/index.html,html_text/92_19_許育典_法治教育在台灣中小學的實踐與檢討.txt,,30,14693,
92,2010 兩岸四地法律發展(下冊) 法學叢書系列之三,2011-09,法學叢書,,從市民社會中滋長的法律意識 以近年來台灣環境運動與消費者運動為例,黃丞儀,1043-1089,https://publication.iias.sinica.edu.tw/books/books03/books03b/books03bch24-1/files/assets/basic-html/index.html#1,html,,html_docs/92_20_黃丞儀_從市民社會中滋長的法律意識_以近年來台灣環境運動與消費者運動為例/index.html,html_text/92_20_黃丞儀_從市民社會中滋長的法律意識_以近年來台灣環境運動與消費者運動為例.txt,,47,22507,
92,2010 兩岸四地法律發展(下冊) 法學叢書系列之三,2011-09,法學叢書,,評論文：評許育典教授「法治教育在臺灣中小學的實踐與檢討」文章及其演講,冀祥德,1091-1098,https://publication.iias.sinica.edu.tw/books/books03/books03b/books03bch24-2/files/assets/basic-html/index.html#1,html,,html_docs/92_21_冀祥德_評論文：評許育典教授「法治教育在臺灣中小學的實踐與檢討」文章及其演講/index.html,html_text/92_21_冀祥德_評論文：評許育典教授「法治教育在臺灣中小學的實踐與檢討」文章及其演講.txt,,8,4391,
92,2010 兩岸四地法律發展(下冊) 法學叢書系列之三,2011-09,法學叢書,,評論文：從市民社會中滋長的法律意識 以近年來台灣環境運動與消費者運動為例,蔡明誠,1099-1101,https://publication.iias.sinica.edu.tw/books/books03/books03b/books03bch24-3/files/assets/basic-html/index.html#1,html,,html_docs/92_22_蔡明誠_評論文：從市民社會中滋長的法律意識_以近年來台灣環境運動與消費者運動為例/index.html,html_text/92_22_蔡明誠_評論文：從市民社會中滋長的法律意識_以近年來台灣環境運動與消費者運動為例.txt,,3,1874,
92,2010 兩岸四地法律發展(下冊) 法學叢書系列之三,2011-09,法學叢書,,全民普法：法治教育抑或以法為教？ 大陸地區普法運動之評介與沉思,王 洪,1103-1131,https://publication.iias.sinica.edu.tw/books/books03/books03b/books03bch25/files/assets/basic-html/index.html#1,html,,html_docs/92_23_王_洪_全民普法：法治教育抑或以法為教？_大陸地區普法運動之評介與沉思/index.html,html_text/92_23_王_洪_全民普法：法治教育抑或以法為教？_大陸地區普法運動之評介與沉思.txt,,29,14182,
92,2010 兩岸四地法律發展(下冊) 法學叢書系列之三,2011-09,法學叢書,,中國大陸中小學法治教育 現狀、問題與發展,王敬波,1133-1156,https://publication.iias.sinica.edu.tw/books/books03/books03b/books03bch26-1/files/assets/basic-html/index.html#1,html,,html_docs/92_24_王敬波_中國大陸中小學法治教育_現狀、問題與發展/index.html,html_text/92_24_王敬波_中國大陸中小學法治教育_現狀、問題與發展.txt,,24,10862,
92,2010 兩岸四地法律發展(下冊) 法學叢書系列之三,2011-09,法學叢書,,評論文：普法的困惑,傅華伶,1157-1159,https://publication.iias.sinica.edu.tw/books/books03/books03b/books03bch26-2/files/assets/basic-html/index.html#1,html,,html_docs/92_25_傅華伶_評論文：普法的困惑/index.html,html_text/92_25_傅華伶_評論文：普法的困惑.txt,,3,1136,
92,2010 兩岸四地法律發展(下冊) 法學叢書系列之三,2011-09,法學叢書,,評論文：形式與實質的法治教育 「社會大眾法治教育」專題論文總評,何志鵬,1161-1165,https://publication.iias.sinica.edu.tw/books/books03/books03b/books03bch26-3/files/assets/basic-html/index.html#1,html,,html_docs/92_26_何志鵬_評論文：形式與實質的法治教育_「社會大眾法治教育」專題論文總評/index.html,html_text/92_26_何志鵬_評論文：形式與實質的法治教育_「社會大眾法治教育」專題論文總評.txt,,5,2039,
92,2010 兩岸四地法律發展(下冊) 法學叢書系列之三,2011-09,法學叢書,,法治萬千，如何教育？ 香港的社會法治教育,吳達明,1167-1193,https://publication.iias.sinica.edu.tw/books/books03/books03b/books03bch27-1/files/assets/basic-html/index.html#1,html,,html_docs/92_27_吳達明_法治萬千，如何教育？_香港的社會法治教育/index.html,html_text/92_27_吳達明_法治萬千，如何教育？_香港的社會法治教育.txt,,27,12134,
92,2010 兩岸四地法律發展(下冊) 法學叢書系列之三,2011-09,法學叢書,,評論文：關於吳達明教授《法治萬千，如何教育香港的社會法治教育》的評議文,王 禹,1195-1199,https://publication.iias.sinica.edu.tw/books/books03/books03b/books03bch27-2/files/assets/basic-html/index.html#1,html,,html_docs/92_28_王_禹_評論文：關於吳達明教授《法治萬千，如何教育香港的社會法治教育》的評議文/index.html,html_text/92_28_王_禹_評論文：關於吳達明教授《法治萬千，如何教育香港的社會法治教育》的評議文.txt,,5,2897,
92,2010 兩岸四地法律發展(下冊) 法學叢書系列之三,2011-09,法學叢書,,評論文：法治、法治文化與法治教育 評吳達明：「法治萬千，如何教育？— 香港的社會法治教育」,戴耀廷,1201-1209,https://publication.iias.sinica.edu.tw/books/books03/books03b/books03bch27-3/files/assets/basic-html/index.html#1,html,,html_docs/92_29_戴耀廷_評論文：法治、法治文化與法治教育_評吳達明：「法治萬千，如何教育？—_香港的社會法治教育」/index.html,html_text/92_29_戴耀廷_評論文：法治、法治文化與法治教育_評吳達明：「法治萬千，如何教育？—_香港的社會法治教育」.txt,,9,5855,
92,2010 兩岸四地法律發展(下冊) 法學叢書系列之三,2011-09,法學叢書,,大陸的公務員法治教育 宏觀背景、基本做法與完善路徑,莫于川,1211-1240,https://publication.iias.sinica.edu.tw/books/books03/books03b/books03bch28/files/assets/basic-html/index.html#1,html,,html_docs/92_30_莫于川_大陸的公務員法治教育_宏觀背景、基本做法與完善路徑/index.html,html_text/92_30_莫于川_大陸的公務員法治教育_宏觀背景、基本做法與完善路徑.txt,,30,13559,
92,2010 兩岸四地法律發展(下冊) 法學叢書系列之三,2011-09,法學叢書,,事項索引,,,,,,,,,,,
91,2010 兩岸四地法律發展(上冊) 法學叢書系列之三,2011-09,法學叢書,,出版序,湯德宗,i-ix,,,,,,,,,
91,2010 兩岸四地法律發展(上冊) 法學叢書系列之三,2011-09,法學叢書,,The Internationalization of Law and Its Implications for Legal Education,Jacques deLisle,1-30,https://publication.iias.sinica.edu.tw/books/books03/books03a/books03ach00/files/assets/basic-html/index.html#1,html,,html_docs/91_02_Jacques_deLisle_The_Internationalization_of_Law_and_Its_Implications_for_Legal_Education/entry.html,html_text/91_02_Jacques_deLisle_The_Internationalization_of_Law_and_Its_Implications_for_Legal_Education.txt,,30,20237,
91,2010 兩岸四地法律發展(上冊) 法學叢書系列之三,2011-09,法學叢書,,從法律知識典範轉移觀點看台灣法學教育改革,郭書琴,31-60,https://publication.iias.sinica.edu.tw/books/books03/books03a/books03ach01-1/files/assets/basic-html/index.html#1,html,,html_docs/91_03_郭書琴_從法律知識典範轉移觀點看台灣法學教育改革/entry.html,html_text/91_03_郭書琴_從法律知識典範轉移觀點看台灣法學教育改革.txt,,30,15449,
91,2010 兩岸四地法律發展(上冊) 法學叢書系列之三,2011-09,法學叢書,,評論文：法律：科學抑或技藝？ 〈從法律知識典範轉移看臺灣法學教育改革〉讀後,易延友,61-66,https://publication.iias.sinica.edu.tw/books/books03/books03a/books03ach01-2/files/assets/basic-html/index.html#1,html,,html_docs/91_04_易延友_評論文：法律：科學抑或技藝？_〈從法律知識典範轉移看臺灣法學教育改革〉讀後/entry.html,html_text/91_04_易延友_評論文：法律：科學抑或技藝？_〈從法律知識典範轉移看臺灣法學教育改革〉讀後.txt,,6,2615,
91,2010 兩岸四地法律發展(上冊) 法學叢書系列之三,2011-09,法學叢書,,評論文：郭書琴：「從法律知識典範轉移觀點看台灣法學教育改革」簡評,蘇永欽,67-70,https://publication.iias.sinica.edu.tw/books/books03/books03a/books03ach01-3/files/assets/basic-html/index.html#1,html,,html_docs/91_05_蘇永欽_評論文：郭書琴：「從法律知識典範轉移觀點看台灣法學教育改革」簡評/entry.html,html_text/91_05_蘇永欽_評論文：郭書琴：「從法律知識典範轉移觀點看台灣法學教育改革」簡評.txt,,4,2245,
91,2010 兩岸四地法律發展(上冊) 法學叢書系列之三,2011-09,法學叢書,,大陸法學教育 現狀、挑戰與展望,韓大元,71-99,https://publication.iias.sinica.edu.tw/books/books03/books03a/books03ach02/files/assets/basic-html/index.html#1,html,,html_docs/91_06_韓大元_大陸法學教育_現狀、挑戰與展望/entry.html,html_text/91_06_韓大元_大陸法學教育_現狀、挑戰與展望.txt,,29,14060,
91,2010 兩岸四地法律發展(上冊) 法學叢書系列之三,2011-09,法學叢書,,中國大陸研究型大學法科教育的隱憂與出路 結合北京大學法學院分析,湛中樂、蘇宇,101-142,https://publication.iias.sinica.edu.tw/books/books03/books03a/books03ach03/files/assets/basic-html/index.html#1,html,,html_docs/91_07_湛中樂_蘇宇_中國大陸研究型大學法科教育的隱憂與出路_結合北京大學法學院分析/entry.html,html_text/91_07_湛中樂_蘇宇_中國大陸研究型大學法科教育的隱憂與出路_結合北京大學法學院分析.txt,,42,21608,
91,2010 兩岸四地法律發展(上冊) 法學叢書系列之三,2011-09,法學叢書,,啟蒙教育抑或職業養成？ 大陸法律人學校教育的困境及展望,姚賽,143-172,https://publication.iias.sinica.edu.tw/books/books03/books03a/books03ach04-1/files/assets/basic-html/index.html#1,html,,html_docs/91_08_姚賽_啟蒙教育抑或職業養成？_大陸法律人學校教育的困境及展望/entry.html,html_text/91_08_姚賽_啟蒙教育抑或職業養成？_大陸法律人學校教育的困境及展望.txt,,30,13748,
91,2010 兩岸四地法律發展(上冊) 法學叢書系列之三,2011-09,法學叢書,,評論文：大陸法學教育：路在何方？ 中國大陸法律人學校教育論文品評,樊 堃 李正寧,173-177,https://publication.iias.sinica.edu.tw/books/books03/books03a/books03ach04-2/files/assets/basic-html/index.html#1,html,,html_docs/91_09_樊_堃_李正寧_評論文：大陸法學教育：路在何方？_中國大陸法律人學校教育論文品評/entry.html,html_text/91_09_樊_堃_李正寧_評論文：大陸法學教育：路在何方？_中國大陸法律人學校教育論文品評.txt,,5,2117,
91,2010 兩岸四地法律發展(上冊) 法學叢書系列之三,2011-09,法學叢書,,評論文：當代中國大陸法學教育疾痾診療 簡評韓大元教授、湛中樂教授和蘇宇博士、姚賽博士對中國大陸法學教育的審視,姚建宗,179-188,https://publication.iias.sinica.edu.tw/books/books03/books03a/books03ach04-3/files/assets/basic-html/index.html#1,html,,html_docs/91_10_姚建宗_評論文：當代中國大陸法學教育疾痾診療_簡評韓大元教授、湛中樂教授和蘇宇博士、姚賽博士對中國大陸法學教育的審視/entry.html,html_text/91_10_姚建宗_評論文：當代中國大陸法學教育疾痾診療_簡評韓大元教授、湛中樂教授和蘇宇博士、姚賽博士對中國大陸法學教育的審視.txt,,10,4389,
91,2010 兩岸四地法律發展(上冊) 法學叢書系列之三,2011-09,法學叢書,,跨學科與法律教育,戴耀廷,189-214,https://publication.iias.sinica.edu.tw/books/books03/books03a/books03ach05-1/files/assets/basic-html/index.html#1,html,,html_docs/91_11_戴耀廷_跨學科與法律教育/entry.html,html_text/91_11_戴耀廷_跨學科與法律教育.txt,,26,11329,
91,2010 兩岸四地法律發展(上冊) 法學叢書系列之三,2011-09,法學叢書,,評論文：從系統中尋找法學教育的跨學科路徑 評戴耀廷教授的《跨學科與法學教育》,方 泉,215-222,https://publication.iias.sinica.edu.tw/books/books03/books03a/books03ach05-2/files/assets/basic-html/index.html#1,html,,html_docs/91_12_方_泉_評論文：從系統中尋找法學教育的跨學科路徑_評戴耀廷教授的《跨學科與法學教育》/entry.html,html_text/91_12_方_泉_評論文：從系統中尋找法學教育的跨學科路徑_評戴耀廷教授的《跨學科與法學教育》.txt,,8,3593,
91,2010 兩岸四地法律發展(上冊) 法學叢書系列之三,2011-09,法學叢書,,評論文：跨學科法學教育 發展中的理念與實踐,張憲初,223-230,https://publication.iias.sinica.edu.tw/books/books03/books03a/books03ach05-3/files/assets/basic-html/index.html#1,html,,html_docs/91_13_張憲初_評論文：跨學科法學教育_發展中的理念與實踐/entry.html,html_text/91_13_張憲初_評論文：跨學科法學教育_發展中的理念與實踐.txt,,8,3080,
91,2010 兩岸四地法律發展(上冊) 法學叢書系列之三,2011-09,法學叢書,,法學、法學教育與澳門法律人的養成,唐曉晴,231-326,https://publication.iias.sinica.edu.tw/books/books03/books03a/books03ach06/files/assets/basic-html/index.html#1,html,,html_docs/91_14_唐曉晴_法學、法學教育與澳門法律人的養成/entry.html,html_text/91_14_唐曉晴_法學、法學教育與澳門法律人的養成.txt,,96,48419,
91,2010 兩岸四地法律發展(上冊) 法學叢書系列之三,2011-09,法學叢書,,澳門高校法學專業教育的歷史、現況與展望,張國華,327-360,https://publication.iias.sinica.edu.tw/books/books03/books03a/books03ach07-1/files/assets/basic-html/index.html#1,html,,html_docs/91_15_張國華_澳門高校法學專業教育的歷史、現況與展望/entry.html,html_text/91_15_張國華_澳門高校法學專業教育的歷史、現況與展望.txt,,34,17376,
91,2010 兩岸四地法律發展(上冊) 法學叢書系列之三,2011-09,法學叢書,,評論文：拜讀唐曉晴副院長與張國華先生介紹澳門高校法學教育兩篇宏文之讀後感,成永裕,361-365,https://publication.iias.sinica.edu.tw/books/books03/books03a/books03ach07-2/files/assets/basic-html/index.html#1,html,,html_docs/91_16_成永裕_評論文：拜讀唐曉晴副院長與張國華先生介紹澳門高校法學教育兩篇宏文之讀後感/entry.html,html_text/91_16_成永裕_評論文：拜讀唐曉晴副院長與張國華先生介紹澳門高校法學教育兩篇宏文之讀後感.txt,,5,2897,
91,2010 兩岸四地法律發展(上冊) 法學叢書系列之三,2011-09,法學叢書,,評論文：〈法學、法學教育與澳門法律人的養成〉的評注,劉德學,361-365,https://publication.iias.sinica.edu.tw/books/books03/books03a/books03ach07-3/files/assets/basic-html/index.html#1,html,,html_docs/91_17_劉德學_評論文：〈法學、法學教育與澳門法律人的養成〉的評注/entry.html,html_text/91_17_劉德學_評論文：〈法學、法學教育與澳門法律人的養成〉的評注.txt,,4,2014,
91,2010 兩岸四地法律發展(上冊) 法學叢書系列之三,2011-09,法學叢書,,中國大陸法學教育實踐取向之缺失與完善,何志鵬,371-397,https://publication.iias.sinica.edu.tw/books/books03/books03a/books03ach08/files/assets/basic-html/index.html#1,html,,html_docs/91_18_何志鵬_中國大陸法學教育實踐取向之缺失與完善/entry.html,html_text/91_18_何志鵬_中國大陸法學教育實踐取向之缺失與完善.txt,,27,13502,
91,2010 兩岸四地法律發展(上冊) 法學叢書系列之三,2011-09,法學叢書,,法律碩士培養與診所法律教育,冀祥德 張 達,399-420,https://publication.iias.sinica.edu.tw/books/books03/books03a/books03ach09/files/assets/basic-html/index.html#1,html,,html_docs/91_19_冀祥德_張_達_法律碩士培養與診所法律教育/entry.html,html_text/91_19_冀祥德_張_達_法律碩士培養與診所法律教育.txt,,22,10182,
91,2010 兩岸四地法律發展(上冊) 法學叢書系列之三,2011-09,法學叢書,,香港法律制度的發展和法學教育的沿革,顧維遐,421-444,https://publication.iias.sinica.edu.tw/books/books03/books03a/books03ach10/files/assets/basic-html/index.html#1,html,,html_docs/91_20_顧維遐_香港法律制度的發展和法學教育的沿革/entry.html,html_text/91_20_顧維遐_香港法律制度的發展和法學教育的沿革.txt,,24,11780,
91,2010 兩岸四地法律發展(上冊) 法學叢書系列之三,2011-09,法學叢書,,法學教育與法律職業的銜接,朱景文,445-482,https://publication.iias.sinica.edu.tw/books/books03/books03a/books03ach11/files/assets/basic-html/index.html#1,html,,html_docs/91_21_朱景文_法學教育與法律職業的銜接/entry.html,html_text/91_21_朱景文_法學教育與法律職業的銜接.txt,,38,17833,
91,2010 兩岸四地法律發展(上冊) 法學叢書系列之三,2011-09,法學叢書,,精英司法與統一司法資格考試 觀察與反思,張建偉,483-535,https://publication.iias.sinica.edu.tw/books/books03/books03a/books03ach12-1/files/assets/basic-html/index.html#1,html,,html_docs/91_22_張建偉_精英司法與統一司法資格考試_觀察與反思/entry.html,html_text/91_22_張建偉_精英司法與統一司法資格考試_觀察與反思.txt,,53,27536,
91,2010 兩岸四地法律發展(上冊) 法學叢書系列之三,2011-09,法學叢書,,評論文：內地和澳門法學教育的困境與出路 讀朱景文教授和張建偉教授二文有感,趙琳琳,537-545,https://publication.iias.sinica.edu.tw/books/books03/books03a/books03ach12-2/files/assets/basic-html/index.html#1,html,,html_docs/91_23_趙琳琳_評論文：內地和澳門法學教育的困境與出路_讀朱景文教授和張建偉教授二文有感/entry.html,html_text/91_23_趙琳琳_評論文：內地和澳門法學教育的困境與出路_讀朱景文教授和張建偉教授二文有感.txt,,9,3986,
91,2010 兩岸四地法律發展(上冊) 法學叢書系列之三,2011-09,法學叢書,,評論文：法律職業與法學教育的走向探討 讀朱教授、張教授論文的感想,薛剛凌,547-549,https://publication.iias.sinica.edu.tw/books/books03/books03a/books03ach12-3/files/assets/basic-html/index.html#1,html,,html_docs/91_24_薛剛凌_評論文：法律職業與法學教育的走向探討_讀朱教授、張教授論文的感想/entry.html,html_text/91_24_薛剛凌_評論文：法律職業與法學教育的走向探討_讀朱教授、張教授論文的感想.txt,,3,1379,
91,2010 兩岸四地法律發展(上冊) 法學叢書系列之三,2011-09,法學叢書,,培養新一代的香港律師— 新瓶，新酒,周偉信 任文慧 陳偉漢 胡惠生,551-575,https://publication.iias.sinica.edu.tw/books/books03/books03a/books03ach13-1/files/assets/basic-html/index.html#1,html,,html_docs/91_25_周偉信_任文慧_陳偉漢_胡惠生_培養新一代的香港律師—_新瓶，新酒/entry.html,html_text/91_25_周偉信_任文慧_陳偉漢_胡惠生_培養新一代的香港律師—_新瓶，新酒.txt,,25,11184,
91,2010 兩岸四地法律發展(上冊) 法學叢書系列之三,2011-09,法學叢書,,評論文：〈培養新一代的香港律師— 新瓶，新酒〉評論文,方嘉麟,577-580,https://publication.iias.sinica.edu.tw/books/books03/books03a/books03ach13-2/files/assets/basic-html/index.html#1,html,,html_docs/91_26_方嘉麟_評論文：〈培養新一代的香港律師—_新瓶，新酒〉評論文/entry.html,html_text/91_26_方嘉麟_評論文：〈培養新一代的香港律師—_新瓶，新酒〉評論文.txt,,4,2025,
91,2010 兩岸四地法律發展(上冊) 法學叢書系列之三,2011-09,法學叢書,,評論文：新的世代，老的要求 評周偉信副教授、任文慧高級教學顧問、陳偉漢副教授及胡惠生副教授的文章,羅沛然,581-587,https://publication.iias.sinica.edu.tw/books/books03/books03a/books03ach13-3/files/assets/basic-html/index.html#1,html,,html_docs/91_27_羅沛然_評論文：新的世代，老的要求_評周偉信副教授、任文慧高級教學顧問、陳偉漢副教授及胡惠生副教授的文章/entry.html,html_text/91_27_羅沛然_評論文：新的世代，老的要求_評周偉信副教授、任文慧高級教學顧問、陳偉漢副教授及胡惠生副教授的文章.txt,,7,2788,
91,2010 兩岸四地法律發展(上冊) 法學叢書系列之三,2011-09,法學叢書,,澳門司法官職前培訓法律制度概述,米萬英,589-602,https://publication.iias.sinica.edu.tw/books/books03/books03a/books03ach14-1/files/assets/basic-html/index.html#1,html,,html_docs/91_28_米萬英_澳門司法官職前培訓法律制度概述/entry.html,html_text/91_28_米萬英_澳門司法官職前培訓法律制度概述.txt,,14,6439,
91,2010 兩岸四地法律發展(上冊) 法學叢書系列之三,2011-09,法學叢書,,評論文：評〈澳門司法官職前培訓法律制度概述〉,王立民,603-605,https://publication.iias.sinica.edu.tw/books/books03/books03a/books03ach14-2/files/assets/basic-html/index.html#1,html,,html_docs/91_29_王立民_評論文：評〈澳門司法官職前培訓法律制度概述〉/entry.html,html_text/91_29_王立民_評論文：評〈澳門司法官職前培訓法律制度概述〉.txt,,3,1487,
91,2010 兩岸四地法律發展(上冊) 法學叢書系列之三,2011-09,法學叢書,,評論文：司法自治和司法獨立的保障 評〈澳門司法官職前培訓法律制度概述〉,蔣朝陽,607-611,https://publication.iias.sinica.edu.tw/books/books03/books03a/books03ach14-3/files/assets/basic-html/index.html#1,html,,html_docs/91_30_蔣朝陽_評論文：司法自治和司法獨立的保障_評〈澳門司法官職前培訓法律制度概述〉/entry.html,html_text/91_30_蔣朝陽_評論文：司法自治和司法獨立的保障_評〈澳門司法官職前培訓法律制度概述〉.txt,,5,2117,
91,2010 兩岸四地法律發展(上冊) 法學叢書系列之三,2011-09,法學叢書,,創新、競爭與整合 建構台灣司法專業教育的改革動力,陳鋕雄,613-665,https://publication.iias.sinica.edu.tw/books/books03/books03a/books03ach15-1/files/assets/basic-html/index.html#1,html,,html_docs/91_31_陳鋕雄_創新、競爭與整合_建構台灣司法專業教育的改革動力/index.html,html_text/91_31_陳鋕雄_創新、競爭與整合_建構台灣司法專業教育的改革動力.txt,,53,23830,
91,2010 兩岸四地法律發展(上冊) 法學叢書系列之三,2011-09,法學叢書,,評論文：創新、競爭與整合 對香港法律專門職業職前教育的回顧與反思,周偉信,667-670,https://publication.iias.sinica.edu.tw/books/books03/books03a/books03ach15-2/files/assets/basic-html/index.html#1,html,,html_docs/91_32_周偉信_評論文：創新、競爭與整合_對香港法律專門職業職前教育的回顧與反思/index.html,html_text/91_32_周偉信_評論文：創新、競爭與整合_對香港法律專門職業職前教育的回顧與反思.txt,,4,2256,
91,2010 兩岸四地法律發展(上冊) 法學叢書系列之三,2011-09,法學叢書,,評論文：重新確立法學教育目標,李念祖,671-673,https://publication.iias.sinica.edu.tw/books/books03/books03a/books03ach15-3/files/assets/basic-html/index.html#1,html,,html_docs/91_33_李念祖_評論文：重新確立法學教育目標/index.html,html_text/91_33_李念祖_評論文：重新確立法學教育目標.txt,,3,1271,
91,2010 兩岸四地法律發展(上冊) 法學叢書系列之三,2011-09,法學叢書,,事項索引,,,,,,,,,,,
41,第 9 期,2011-09,法學期刊,,違法授益行政處分受益人之信賴保護 以金錢或可分物給付之授益行政處分為中心,林三欽,1-48,https://publication.iias.sinica.edu.tw/journal/journal09/journal09ch01/files/assets/basic-html/index.html#1,html,,html_docs/41_01_林三欽_違法授益行政處分受益人之信賴保護_以金錢或可分物給付之授益行政處分為中心/entry.html,html_text/41_01_林三欽_違法授益行政處分受益人之信賴保護_以金錢或可分物給付之授益行政處分為中心.txt,,48,23891,
41,第 9 期,2011-09,法學期刊,,再探視障按摩保留條款之合憲性 大法官釋字第六四九號解釋的法事實與法釋義,孫迺翊,49-127,https://publication.iias.sinica.edu.tw/journal/journal09/journal09ch02/files/assets/basic-html/index.html#1,html,,html_docs/41_02_孫迺翊_再探視障按摩保留條款之合憲性_大法官釋字第六四九號解釋的法事實與法釋義/entry.html,html_text/41_02_孫迺翊_再探視障按摩保留條款之合憲性_大法官釋字第六四九號解釋的法事實與法釋義.txt,,79,38766,
41,第 9 期,2011-09,法學期刊,,高齡者之財產管理 美國的持續性代理權授與及信託之啟示,黃詩淳,129-177,https://publication.iias.sinica.edu.tw/journal/journal09/journal09ch03/files/assets/basic-html/index.html#1,html,,html_docs/41_03_黃詩淳_高齡者之財產管理_美國的持續性代理權授與及信託之啟示/entry.html,html_text/41_03_黃詩淳_高齡者之財產管理_美國的持續性代理權授與及信託之啟示.txt,,49,21978,
41,第 9 期,2011-09,法學期刊,,私人與家庭生活的歐洲共識與善良風俗 《歐洲人權公約》體系求同存異之道,翁燕菁,179-269,https://publication.iias.sinica.edu.tw/journal/journal09/journal09ch04/files/assets/basic-html/index.html#1,html,,html_docs/41_04_翁燕菁_私人與家庭生活的歐洲共識與善良風俗_《歐洲人權公約》體系求同存異之道/entry.html,html_text/41_04_翁燕菁_私人與家庭生活的歐洲共識與善良風俗_《歐洲人權公約》體系求同存異之道.txt,,91,46419,
41,第 9 期,2011-09,法學期刊,,論多階段行政處分與多階段行政程序之區辨 兼評最高行政法院96年度判字第1603號判決,李建良,271-332,https://publication.iias.sinica.edu.tw/journal/journal09/journal09ch05/files/assets/basic-html/index.html#1,html,,html_docs/41_05_李建良_論多階段行政處分與多階段行政程序之區辨_兼評最高行政法院96年度判字第1603號判決/entry.html,html_text/41_05_李建良_論多階段行政處分與多階段行政程序之區辨_兼評最高行政法院96年度判字第1603號判決.txt,,62,32188,
41,第 9 期,2011-09,法學期刊,,論法律的規範性 承認規則下的雙重權威性,侯士雋,333-364,https://publication.iias.sinica.edu.tw/journal/journal09/journal09ch06/files/assets/basic-html/index.html#1,html,,html_docs/41_06_侯士雋_論法律的規範性_承認規則下的雙重權威性/entry.html,html_text/41_06_侯士雋_論法律的規範性_承認規則下的雙重權威性.txt,,32,13906,
40,第 8 期,2011-03,法學期刊,,論大法官釋憲程序中之「疑義」與「爭議」 兼對「憲法疑義」與「機關爭議」的訴訟類型為釐清與辨正,吳信華,1-111,https://publication.iias.sinica.edu.tw/journal/journal08/journal08ch01/files/assets/basic-html/index.html#1,html,,html_docs/40_01_吳信華_論大法官釋憲程序中之「疑義」與「爭議」_兼對「憲法疑義」與「機關爭議」的訴訟類型為釐清與辨正/entry.html,html_text/40_01_吳信華_論大法官釋憲程序中之「疑義」與「爭議」_兼對「憲法疑義」與「機關爭議」的訴訟類型為釐清與辨正.txt,,110,57889,
40,第 8 期,2011-03,法學期刊,,從創用CC運動看數位時代的公共領域 財產權觀點的初步考察,劉靜怡,113-184,https://publication.iias.sinica.edu.tw/journal/journal08/journal08ch02/files/assets/basic-html/index.html#1,html,,html_docs/40_02_劉靜怡_從創用CC運動看數位時代的公共領域_財產權觀點的初步考察/entry.html,html_text/40_02_劉靜怡_從創用CC運動看數位時代的公共領域_財產權觀點的初步考察.txt,,72,36008,
40,第 8 期,2011-03,法學期刊,,清末法吏到民國法官 以「無朝不成院」的北京朝陽大學為例,劉恆妏,185-225,https://publication.iias.sinica.edu.tw/journal/journal08/journal08ch03/files/assets/basic-html/index.html#1,html,,html_docs/40_03_劉恆妏_清末法吏到民國法官_以「無朝不成院」的北京朝陽大學為例/entry.html,html_text/40_03_劉恆妏_清末法吏到民國法官_以「無朝不成院」的北京朝陽大學為例.txt,,41,18529,
40,第 8 期,2011-03,法學期刊,,物權外部性問題,簡資修,227-257,https://publication.iias.sinica.edu.tw/journal/journal08/journal08ch04/files/assets/basic-html/index.html#1,html,,html_docs/40_04_簡資修_物權外部性問題/entry.html,html_text/40_04_簡資修_物權外部性問題.txt,,31,13449,
40,第 8 期,2011-03,法學期刊,,「行政正確」取代「行政合法」？ 初探德國行政法革新路線的方法論難題,黃舒芃,259-314,https://publication.iias.sinica.edu.tw/journal/journal08/journal08ch05/files/assets/basic-html/index.html#1,html,,html_docs/40_05_黃舒芃_「行政正確」取代「行政合法」？_初探德國行政法革新路線的方法論難題/entry.html,html_text/40_05_黃舒芃_「行政正確」取代「行政合法」？_初探德國行政法革新路線的方法論難題.txt,,56,27634,
74,憲法解釋之理論與實務(第七輯)(上冊) 法學專書系列之十三,2010-12,法學專書,,出版序,湯德宗,i-iv,https://publication.iias.sinica.edu.tw/book/book13/book13ch00/files/assets/basic-html/index.html#1,html,,html_docs/74_01_湯德宗_出版序/entry.html,html_text/74_01_湯德宗_出版序.txt,,2,752,
74,憲法解釋之理論與實務(第七輯)(上冊) 法學專書系列之十三,2010-12,法學專書,,Constitutional Interpretation,Michel Troper,1-31,https://publication.iias.sinica.edu.tw/book/book13/book13ch01/files/assets/basic-html/index.html#1,html,,html_docs/74_02_Michel_Troper_Constitutional_Interpretation/entry.html,html_text/74_02_Michel_Troper_Constitutional_Interpretation.txt,,31,13969,
74,憲法解釋之理論與實務(第七輯)(上冊) 法學專書系列之十三,2010-12,法學專書,,60 Years of German Grundgesetz: Continuity and Change of A Constitution and of Constitutional Law,Stefan Korioth,33-61,https://publication.iias.sinica.edu.tw/book/book13/book13ch02/files/assets/basic-html/index.html#1,html,,html_docs/74_03_Stefan_Korioth_60_Years_of_German_Grundgesetz_Continuity_and_Change_of_A_Constitution_and_of_Constitution/entry.html,html_text/74_03_Stefan_Korioth_60_Years_of_German_Grundgesetz_Continuity_and_Change_of_A_Constitution_and_of_Constitution.txt,,29,17171,
74,憲法解釋之理論與實務(第七輯)(上冊) 法學專書系列之十三,2010-12,法學專書,,體系內與體系間的平等 — 以我國社會保險被保險人之分類及其權利內涵之差異為例,孫迺翊,63-135,https://publication.iias.sinica.edu.tw/book/book13/book13ch03/files/assets/basic-html/index.html#1,html,,html_docs/74_04_孫迺翊_體系內與體系間的平等_—_以我國社會保險被保險人之分類及其權利內涵之差異為例/entry.html,html_text/74_04_孫迺翊_體系內與體系間的平等_—_以我國社會保險被保險人之分類及其權利內涵之差異為例.txt,,73,33984,
74,憲法解釋之理論與實務(第七輯)(上冊) 法學專書系列之十三,2010-12,法學專書,,立法者對社會福利政策的形成自由及其界限 — 以釋字第 649 號解釋為例,黃舒芃,137-191,https://publication.iias.sinica.edu.tw/book/book13/book13ch04/files/assets/basic-html/index.html#1,html,,html_docs/74_05_黃舒芃_立法者對社會福利政策的形成自由及其界限_—_以釋字第_649_號解釋為例/entry.html,html_text/74_05_黃舒芃_立法者對社會福利政策的形成自由及其界限_—_以釋字第_649_號解釋為例.txt,,55,28485,
74,憲法解釋之理論與實務(第七輯)(上冊) 法學專書系列之十三,2010-12,法學專書,,租稅之立法界限及其憲法上的當為要求 —以德國稅捐法之理論為基礎,柯格鐘,193-257,https://publication.iias.sinica.edu.tw/book/book13/book13ch05/files/assets/basic-html/index.html#1,html,,html_docs/74_06_柯格鐘_租稅之立法界限及其憲法上的當為要求_—以德國稅捐法之理論為基礎/entry.html,html_text/74_06_柯格鐘_租稅之立法界限及其憲法上的當為要求_—以德國稅捐法之理論為基礎.txt,,65,32977,
74,憲法解釋之理論與實務(第七輯)(上冊) 法學專書系列之十三,2010-12,法學專書,,刑法規範的基本權審查 —作為刑事立法界限的比例原則,許澤天,259-323,https://publication.iias.sinica.edu.tw/book/book13/book13ch06/files/assets/basic-html/index.html#1,html,,html_docs/74_07_許澤天_刑法規範的基本權審查_—作為刑事立法界限的比例原則/entry.html,html_text/74_07_許澤天_刑法規範的基本權審查_—作為刑事立法界限的比例原則.txt,,65,30184,
73,憲法解釋之理論與實務(第七輯)(下冊) 法學專書系列之十三,2010-12,法學專書,,出版序,湯德宗,i-iv,https://publication.iias.sinica.edu.tw/book/book13/book13ch00/files/assets/basic-html/index.html#1,html,,html_docs/73_01_湯德宗_出版序/entry.html,html_text/73_01_湯德宗_出版序.txt,,2,752,
73,憲法解釋之理論與實務(第七輯)(下冊) 法學專書系列之十三,2010-12,法學專書,,民主共和與國民主權 評司法院大法官釋字第645號解釋,陳淳文,325-382,https://publication.iias.sinica.edu.tw/book/book13/book13ch07/files/assets/basic-html/index.html#1,html,,html_docs/73_02_陳淳文_民主共和與國民主權_評司法院大法官釋字第645號解釋/entry.html,html_text/73_02_陳淳文_民主共和與國民主權_評司法院大法官釋字第645號解釋.txt,,58,26502,
73,憲法解釋之理論與實務(第七輯)(下冊) 法學專書系列之十三,2010-12,法學專書,,基本權功能建構作為大法官解釋的類型化 以教育相關基本權為例,許育典,383-439,https://publication.iias.sinica.edu.tw/book/book13/book13ch08/files/assets/basic-html/index.html#1,html,,html_docs/73_03_許育典_基本權功能建構作為大法官解釋的類型化_以教育相關基本權為例/entry.html,html_text/73_03_許育典_基本權功能建構作為大法官解釋的類型化_以教育相關基本權為例.txt,,57,29192,
73,憲法解釋之理論與實務(第七輯)(下冊) 法學專書系列之十三,2010-12,法學專書,,不受酷刑作為權利 以國際標準建構我國憲法規範,廖福特,441-481,https://publication.iias.sinica.edu.tw/book/book13/book13ch09/files/assets/basic-html/index.html#1,html,,html_docs/73_04_廖福特_不受酷刑作為權利_以國際標準建構我國憲法規範/entry.html,html_text/73_04_廖福特_不受酷刑作為權利_以國際標準建構我國憲法規範.txt,,41,18274,
73,憲法解釋之理論與實務(第七輯)(下冊) 法學專書系列之十三,2010-12,法學專書,,跨國憲法對話 大法官解釋引用外國法的總體實證研究,張文貞,483-517,https://publication.iias.sinica.edu.tw/book/book13/book13ch10/files/assets/basic-html/index.html#1,html,,html_docs/73_05_張文貞_跨國憲法對話_大法官解釋引用外國法的總體實證研究/entry.html,html_text/73_05_張文貞_跨國憲法對話_大法官解釋引用外國法的總體實證研究.txt,,35,15058,
73,憲法解釋之理論與實務(第七輯)(下冊) 法學專書系列之十三,2010-12,法學專書,,提審法、人身保護令狀與外國人驅逐出國程序之收容,林超駿,519-575,https://publication.iias.sinica.edu.tw/book/book13/book13ch11/files/assets/basic-html/index.html#1,html,,html_docs/73_06_林超駿_提審法、人身保護令狀與外國人驅逐出國程序之收容/entry.html,html_text/73_06_林超駿_提審法、人身保護令狀與外國人驅逐出國程序之收容.txt,,57,30947,
72,2009 行政管制與行政爭訟 法學專書系列之十二,2010-11,法學專書,,出版序,湯德宗,i-iv,https://publication.iias.sinica.edu.tw/book/book12/book12ch00/files/assets/basic-html/index.html#1,html,,html_docs/72_01_湯德宗_出版序/entry.html,html_text/72_01_湯德宗_出版序.txt,,2,752,
72,2009 行政管制與行政爭訟 法學專書系列之十二,2010-11,法學專書,,日本における行政法判例の動向について,塩野宏,1-21,https://publication.iias.sinica.edu.tw/book/book12/book12ch01/files/assets/basic-html/index.html#1,html,,html_docs/72_02_塩野宏_日本における行政法判例の動向について/entry.html,html_text/72_02_塩野宏_日本における行政法判例の動向について.txt,,21,10364,
72,2009 行政管制與行政爭訟 法學專書系列之十二,2010-11,法學專書,,譯文-日本行政法判例之動向 以2004年行政事件訴訟法修正為機緣—,林素鳳 譯,23-39,https://publication.iias.sinica.edu.tw/book/book12/book12ch02/files/assets/basic-html/index.html#1,html,,html_docs/72_03_林素鳳_譯文-日本行政法判例之動向_以2004年行政事件訴訟法修正為機緣—/entry.html,html_text/72_03_林素鳳_譯文-日本行政法判例之動向_以2004年行政事件訴訟法修正為機緣—.txt,,17,7646,
72,2009 行政管制與行政爭訟 法學專書系列之十二,2010-11,法學專書,,Les Développements Récents du Droit Administratif Français,Pierre Delvolvé,41-67,https://publication.iias.sinica.edu.tw/book/book12/book12ch03/files/assets/basic-html/index.html#1,html,,html_docs/72_04_Pierre_Delvolvé_Les_Développements_Récents_du_Droit_Administratif_Français/entry.html,html_text/72_04_Pierre_Delvolvé_Les_Développements_Récents_du_Droit_Administratif_Français.txt,,27,13901,
72,2009 行政管制與行政爭訟 法學專書系列之十二,2010-11,法學專書,,譯文-法國行政法之新近發展,陳淳文 譯,69-92,https://publication.iias.sinica.edu.tw/book/book12/book12ch04/files/assets/basic-html/index.html#1,html,,html_docs/72_05_陳淳文_譯文-法國行政法之新近發展/entry.html,html_text/72_05_陳淳文_譯文-法國行政法之新近發展.txt,,24,11066,
72,2009 行政管制與行政爭訟 法學專書系列之十二,2010-11,法學專書,,公務員的言論自由與謹慎義務 從法國相關判例和學說初探我國實務見解,王必芳,93-191,https://publication.iias.sinica.edu.tw/book/book12/book12ch05/files/assets/basic-html/index.html#1,html,,html_docs/72_06_王必芳_公務員的言論自由與謹慎義務_從法國相關判例和學說初探我國實務見解/entry.html,html_text/72_06_王必芳_公務員的言論自由與謹慎義務_從法國相關判例和學說初探我國實務見解.txt,,99,48143,
72,2009 行政管制與行政爭訟 法學專書系列之十二,2010-11,法學專書,,論委任人與受任人間之行政罰責任分擔 以最高行政法院97年度判字第1112號判決以及98年度判字第420號判決出發,詹鎮榮,1-39,https://publication.iias.sinica.edu.tw/book/book12/book12ch06/files/assets/basic-html/index.html#1,html,,html_docs/72_07_詹鎮榮_論委任人與受任人間之行政罰責任分擔_以最高行政法院97年度判字第1112號判決以及98年度判字第420號判決出發/entry.html,html_text/72_07_詹鎮榮_論委任人與受任人間之行政罰責任分擔_以最高行政法院97年度判字第1112號判決以及98年度判字第420號判決出發.txt,,52,26256,
72,2009 行政管制與行政爭訟 法學專書系列之十二,2010-11,法學專書,,租稅法上解釋性行政規則之變更與信賴保護原則,盛子龍,245-296,https://publication.iias.sinica.edu.tw/book/book12/book12ch07/files/assets/basic-html/index.html#1,html,,html_docs/72_08_盛子龍_租稅法上解釋性行政規則之變更與信賴保護原則/entry.html,html_text/72_08_盛子龍_租稅法上解釋性行政規則之變更與信賴保護原則.txt,,52,27540,
72,2009 行政管制與行政爭訟 法學專書系列之十二,2010-11,法學專書,,資訊公開暨資訊隱私法案例研究（2007/11～2008/12）,湯德宗,297-366,https://publication.iias.sinica.edu.tw/book/book12/book12ch08/files/assets/basic-html/index.html#1,html,,html_docs/72_09_湯德宗_資訊公開暨資訊隱私法案例研究（2007_11～2008_12）/entry.html,html_text/72_09_湯德宗_資訊公開暨資訊隱私法案例研究（2007_11～2008_12）.txt,,70,37564,
39,第 7 期,2010-09,法學期刊,,Auslegung und Sicherung der Grundrechte in Deutschland,Christian Starck,1-40,https://publication.iias.sinica.edu.tw/journal/journal07/journal07ch01/files/assets/basic-html/index.html#1,html,,html_docs/39_01_Christian_Starck_Auslegung_und_Sicherung_der_Grundrechte_in_Deutschland/entry.html,html_text/39_01_Christian_Starck_Auslegung_und_Sicherung_der_Grundrechte_in_Deutschland.txt,,40,20301,
39,第 7 期,2010-09,法學期刊,,後藤新平與傅柯的對話 反思臺灣日治初期的殖民警察政治,江玉林,41-79,https://publication.iias.sinica.edu.tw/journal/journal07/journal07ch02/files/assets/basic-html/index.html#1,html,,html_docs/39_02_江玉林_後藤新平與傅柯的對話_反思臺灣日治初期的殖民警察政治/entry.html,html_text/39_02_江玉林_後藤新平與傅柯的對話_反思臺灣日治初期的殖民警察政治.txt,,39,21722,
39,第 7 期,2010-09,法學期刊,,大法官解釋中的歷史與傳統 女性主義觀點的批判,陳昭如,81-140,https://publication.iias.sinica.edu.tw/journal/journal07/journal07ch03/files/assets/basic-html/index.html#1,html,,html_docs/39_03_陳昭如_大法官解釋中的歷史與傳統_女性主義觀點的批判/entry.html,html_text/39_03_陳昭如_大法官解釋中的歷史與傳統_女性主義觀點的批判.txt,,60,32237,
39,第 7 期,2010-09,法學期刊,,反對安置命題,王鵬翔,141-208,https://publication.iias.sinica.edu.tw/journal/journal07/journal07ch04/files/assets/basic-html/index.html#1,html,,html_docs/39_04_王鵬翔_反對安置命題/entry.html,html_text/39_04_王鵬翔_反對安置命題.txt,,68,29941,
39,第 7 期,2010-09,法學期刊,,勞資爭議協調程序之實證研究 以「政府協調」與「民間協調」之比較為中心,黃國昌 林常青 陳恭平,209-267,https://publication.iias.sinica.edu.tw/journal/journal07/journal07ch05/files/assets/basic-html/index.html#1,html,,html_docs/39_05_黃國昌_林常青_陳恭平_勞資爭議協調程序之實證研究_以「政府協調」與「民間協調」之比較為中心/entry.html,html_text/39_05_黃國昌_林常青_陳恭平_勞資爭議協調程序之實證研究_以「政府協調」與「民間協調」之比較為中心.txt,,59,36046,
71,2009 科技發展與法律規範雙年刊 法學專書系列之十一,2010-05,法學專書,,出版序,湯德宗,i-iv,https://publication.iias.sinica.edu.tw/book/book11/book11ch00/files/assets/basic-html/index.html#1,html,,html_docs/71_01_湯德宗_出版序/entry.html,html_text/71_01_湯德宗_出版序.txt,,2,752,
71,2009 科技發展與法律規範雙年刊 法學專書系列之十一,2010-05,法學專書,,危機中的公共科學—挑戰或契機？ 導讀「科學管制、學術研究自由與多元民主價值」,邱文聰,ix-xvii,https://publication.iias.sinica.edu.tw/book/book11/book11005/files/assets/basic-html/index.html#1,html,,html_docs/71_02_邱文聰_危機中的公共科學—挑戰或契機？_導讀「科學管制、學術研究自由與多元民主價值」/entry.html,html_text/71_02_邱文聰_危機中的公共科學—挑戰或契機？_導讀「科學管制、學術研究自由與多元民主價值」.txt,,8,3707,
71,2009 科技發展與法律規範雙年刊 法學專書系列之十一,2010-05,法學專書,,A Discourse on the Public Nature of Research in Contemporary Life Science:A Law-Policy Proposal to Promote the Public Nature of Science in an Era of Academia-Industry Integration,Michael J. Malinowski,1-24,https://publication.iias.sinica.edu.tw/book/book11/book11ch01/files/assets/basic-html/index.html#1,html,,html_docs/71_03_Michael_J._Malinowski_A_Discourse_on_the_Public_Nature_of_Research_in_Contemporary_Life_Science_A_Law-Policy_Pro/entry.html,html_text/71_03_Michael_J._Malinowski_A_Discourse_on_the_Public_Nature_of_Research_in_Contemporary_Life_Science_A_Law-Policy_Pro.txt,,24,18257,
71,2009 科技發展與法律規範雙年刊 法學專書系列之十一,2010-05,法學專書,,「研究」與「治療」之區分：過去之未決性或簡單任務？— 以台灣醫學會雜誌關於治療的報告（1946-1965）與英美判決為例 以台灣醫學會雜誌關於治療的報告（1946-1965）與英美判決為例,吳建昌,25-59,https://publication.iias.sinica.edu.tw/book/book11/book11ch02/files/assets/basic-html/index.html#1,html,,html_docs/71_04_吳建昌_「研究」與「治療」之區分：過去之未決性或簡單任務？—_以台灣醫學會雜誌關於治療的報告（1946-1965）與英美判決為例_以台灣醫學會雜誌關於治療的報告（1946-1965）與英美/entry.html,html_text/71_04_吳建昌_「研究」與「治療」之區分：過去之未決性或簡單任務？—_以台灣醫學會雜誌關於治療的報告（1946-1965）與英美判決為例_以台灣醫學會雜誌關於治療的報告（1946-1965）與英美.txt,,35,19219,
71,2009 科技發展與法律規範雙年刊 法學專書系列之十一,2010-05,法學專書,,科學研究自由與第三波科學民主化的挑戰 對「知識憲法」與「政治憲法」二分的一個批判考察,邱文聰,61-115,https://publication.iias.sinica.edu.tw/book/book11/book11ch03/files/assets/basic-html/index.html#1,html,,html_docs/71_05_邱文聰_科學研究自由與第三波科學民主化的挑戰_對「知識憲法」與「政治憲法」二分的一個批判考察/entry.html,html_text/71_05_邱文聰_科學研究自由與第三波科學民主化的挑戰_對「知識憲法」與「政治憲法」二分的一個批判考察.txt,,55,28146,
71,2009 科技發展與法律規範雙年刊 法學專書系列之十一,2010-05,法學專書,,產學合作關係、利益衝突與科學誠信,劉靜怡,117-184,https://publication.iias.sinica.edu.tw/book/book11/book11ch04/files/assets/basic-html/index.html#1,html,,html_docs/71_06_劉靜怡_產學合作關係、利益衝突與科學誠信/entry.html,html_text/71_06_劉靜怡_產學合作關係、利益衝突與科學誠信.txt,,68,34111,
71,2009 科技發展與法律規範雙年刊 法學專書系列之十一,2010-05,法學專書,,全球臨床法規與在地的跨國界回應 以國際醫藥規制協合會「民族差異因素」規範為例的探討,郭文華,185-232,https://publication.iias.sinica.edu.tw/book/book11/book11ch05/files/assets/basic-html/index.html#1,html,,html_docs/71_07_郭文華_全球臨床法規與在地的跨國界回應_以國際醫藥規制協合會「民族差異因素」規範為例的探討/entry.html,html_text/71_07_郭文華_全球臨床法規與在地的跨國界回應_以國際醫藥規制協合會「民族差異因素」規範為例的探討.txt,,48,23594,
71,2009 科技發展與法律規範雙年刊 法學專書系列之十一,2010-05,法學專書,,產學合作引發利益衝突及知識近用限制之研究,王偉霖,233-298,https://publication.iias.sinica.edu.tw/book/book11/book11ch06/files/assets/basic-html/index.html#1,html,,html_docs/71_08_王偉霖_產學合作引發利益衝突及知識近用限制之研究/entry.html,html_text/71_08_王偉霖_產學合作引發利益衝突及知識近用限制之研究.txt,,66,34709,
71,2009 科技發展與法律規範雙年刊 法學專書系列之十一,2010-05,法學專書,,健康照護資源分配之界線— 兼論醫療科技發展下健康照護資源分配之變與不變 兼論醫療科技發展下健康照護資源分配之變與不變,吳全峰,299-367,https://publication.iias.sinica.edu.tw/book/book11/book11ch07/files/assets/basic-html/index.html#1,html,,html_docs/71_09_吳全峰_健康照護資源分配之界線—_兼論醫療科技發展下健康照護資源分配之變與不變_兼論醫療科技發展下健康照護資源分配之變與不變/entry.html,html_text/71_09_吳全峰_健康照護資源分配之界線—_兼論醫療科技發展下健康照護資源分配之變與不變_兼論醫療科技發展下健康照護資源分配之變與不變.txt,,69,42236,
71,2009 科技發展與法律規範雙年刊 法學專書系列之十一,2010-05,法學專書,,論美國自由貿易協定資料專屬保護規範之現況與影響,楊培侃,369-406,https://publication.iias.sinica.edu.tw/book/book11/book11ch08/files/assets/basic-html/index.html#1,html,,html_docs/71_10_楊培侃_論美國自由貿易協定資料專屬保護規範之現況與影響/entry.html,html_text/71_10_楊培侃_論美國自由貿易協定資料專屬保護規範之現況與影響.txt,,38,20440,
90,《司法改革十週年的回顧與展望》會議實錄 法學叢書系列之二,2010-03,法學叢書,,出版序,Dennis Te-Chung Tang,i-v,https://publication.iias.sinica.edu.tw/books/books02/books02003/files/assets/basic-html/index.html#1,html,,html_docs/90_01_Dennis_Te-Chung_Tang_出版序/entry.html,html_text/90_01_Dennis_Te-Chung_Tang_出版序.txt,,2,752,
90,《司法改革十週年的回顧與展望》會議實錄 法學叢書系列之二,2010-03,法學叢書,,議程,,vii-x,https://publication.iias.sinica.edu.tw/books/books02/books02005/files/assets/basic-html/index.html#1,html,,html_docs/90_02_untitled_議程/entry.html,html_text/90_02_untitled_議程.txt,,4,1387,
90,《司法改革十週年的回顧與展望》會議實錄 法學叢書系列之二,2010-03,法學叢書,,發言規則,,,,,,,,,,,
90,《司法改革十週年的回顧與展望》會議實錄 法學叢書系列之二,2010-03,法學叢書,,開幕致詞,賴英照,1-11,https://publication.iias.sinica.edu.tw/books/books02/books02009/files/assets/basic-html/index.html#1,html,,html_docs/90_04_賴英照_開幕致詞/entry.html,html_text/90_04_賴英照_開幕致詞.txt,,11,4120,
90,《司法改革十週年的回顧與展望》會議實錄 法學叢書系列之二,2010-03,法學叢書,,司法改革十週年的回顧與展望（主題演說）,翁岳生,13-63,https://publication.iias.sinica.edu.tw/books/books02/books02ch01-00.pdf,pdf,pdf/90_05_翁岳生_司法改革十週年的回顧與展望（主題演說）.pdf,,pdf_text/90_05_翁岳生_司法改革十週年的回顧與展望（主題演說）.txt,,,50094,
90,《司法改革十週年的回顧與展望》會議實錄 法學叢書系列之二,2010-03,法學叢書,,附錄1,,64-68,https://publication.iias.sinica.edu.tw/books/books02/books02ch01-01.pdf,pdf,pdf/90_06_untitled_附錄1.pdf,,pdf_text/90_06_untitled_附錄1.txt,,,128,
90,《司法改革十週年的回顧與展望》會議實錄 法學叢書系列之二,2010-03,法學叢書,,附錄2,,69-74,https://publication.iias.sinica.edu.tw/books/books02/books02ch01-02.pdf,pdf,pdf/90_07_untitled_附錄2.pdf,,pdf_text/90_07_untitled_附錄2.txt,,,153,
90,《司法改革十週年的回顧與展望》會議實錄 法學叢書系列之二,2010-03,法學叢書,,附錄3,,75-80,https://publication.iias.sinica.edu.tw/books/books02/books02ch01-03.pdf,pdf,pdf/90_08_untitled_附錄3.pdf,,pdf_text/90_08_untitled_附錄3.txt,,,153,
90,《司法改革十週年的回顧與展望》會議實錄 法學叢書系列之二,2010-03,法學叢書,,附錄4,,81-83,https://publication.iias.sinica.edu.tw/books/books02/books02ch01-04.pdf,pdf,pdf/90_09_untitled_附錄4.pdf,,pdf_text/90_09_untitled_附錄4.txt,,,1804,
90,《司法改革十週年的回顧與展望》會議實錄 法學叢書系列之二,2010-03,法學叢書,,司法院定位（一） 一元多軌與一元單軌,,85-131,https://publication.iias.sinica.edu.tw/books/books02/books02ch02/files/assets/basic-html/index.html#1,html,,html_docs/90_10_untitled_司法院定位（一）_一元多軌與一元單軌/entry.html,html_text/90_10_untitled_司法院定位（一）_一元多軌與一元單軌.txt,,48,21515,
90,《司法改革十週年的回顧與展望》會議實錄 法學叢書系列之二,2010-03,法學叢書,,司法院定位（二） 司法自主與司法環境,,133-226,https://publication.iias.sinica.edu.tw/books/books02/books02ch03/files/assets/basic-html/index.html#1,html,,html_docs/90_11_untitled_司法院定位（二）_司法自主與司法環境/entry.html,html_text/90_11_untitled_司法院定位（二）_司法自主與司法環境.txt,,94,42813,
90,《司法改革十週年的回顧與展望》會議實錄 法學叢書系列之二,2010-03,法學叢書,,刑事訴訟改革（一） 交互詰問制度,,227-268,https://publication.iias.sinica.edu.tw/books/books02/books02ch04/files/assets/basic-html/index.html#1,html,,html_docs/90_12_untitled_刑事訴訟改革（一）_交互詰問制度/entry.html,html_text/90_12_untitled_刑事訴訟改革（一）_交互詰問制度.txt,,42,18998,
90,《司法改革十週年的回顧與展望》會議實錄 法學叢書系列之二,2010-03,法學叢書,,刑事訴訟改革（二） 刑事上訴審制度之改革,,269-336,https://publication.iias.sinica.edu.tw/books/books02/books02ch05/files/assets/basic-html/index.html#1,html,,html_docs/90_13_untitled_刑事訴訟改革（二）_刑事上訴審制度之改革/entry.html,html_text/90_13_untitled_刑事訴訟改革（二）_刑事上訴審制度之改革.txt,,68,31192,
90,《司法改革十週年的回顧與展望》會議實錄 法學叢書系列之二,2010-03,法學叢書,,刑事訴訟改革（三） 刑事偵查之人權保障,,337-393,https://publication.iias.sinica.edu.tw/books/books02/books02ch06/files/assets/basic-html/index.html#1,html,,html_docs/90_14_untitled_刑事訴訟改革（三）_刑事偵查之人權保障/entry.html,html_text/90_14_untitled_刑事訴訟改革（三）_刑事偵查之人權保障.txt,,57,26033,
90,《司法改革十週年的回顧與展望》會議實錄 法學叢書系列之二,2010-03,法學叢書,,民事訴訟改革（一） 民事集中審理,,395-451,https://publication.iias.sinica.edu.tw/books/books02/books02ch07/files/assets/basic-html/index.html#1,html,,html_docs/90_15_untitled_民事訴訟改革（一）_民事集中審理/entry.html,html_text/90_15_untitled_民事訴訟改革（一）_民事集中審理.txt,,57,26033,
90,《司法改革十週年的回顧與展望》會議實錄 法學叢書系列之二,2010-03,法學叢書,,民事訴訟改革（二） 專業法庭與專業法官,,453-505,https://publication.iias.sinica.edu.tw/books/books02/books02ch08/files/assets/basic-html/index.html#1,html,,html_docs/90_16_untitled_民事訴訟改革（二）_專業法庭與專業法官/entry.html,html_text/90_16_untitled_民事訴訟改革（二）_專業法庭與專業法官.txt,,53,24157,
90,《司法改革十週年的回顧與展望》會議實錄 法學叢書系列之二,2010-03,法學叢書,,司法人事（一） 法官與檢察官之身分定位與監督淘汰,,507-543,https://publication.iias.sinica.edu.tw/books/books02/books02ch09/files/assets/basic-html/index.html#1,html,,html_docs/90_17_untitled_司法人事（一）_法官與檢察官之身分定位與監督淘汰/entry.html,html_text/90_17_untitled_司法人事（一）_法官與檢察官之身分定位與監督淘汰.txt,,37,16191,
90,《司法改革十週年的回顧與展望》會議實錄 法學叢書系列之二,2010-03,法學叢書,,司法人事（二） 法官與檢察官之取才與訓練,,545-583,https://publication.iias.sinica.edu.tw/books/books02/books02ch10/files/assets/basic-html/index.html#noFlash,html,,html_docs/90_18_untitled_司法人事（二）_法官與檢察官之取才與訓練/entry.html,html_text/90_18_untitled_司法人事（二）_法官與檢察官之取才與訓練.txt,,39,17105,
90,《司法改革十週年的回顧與展望》會議實錄 法學叢書系列之二,2010-03,法學叢書,,各組會議總結報告,,585-627,https://publication.iias.sinica.edu.tw/books/books02/books02ch11/files/assets/basic-html/index.html#1,html,,html_docs/90_19_untitled_各組會議總結報告/entry.html,html_text/90_19_untitled_各組會議總結報告.txt,,43,19200,
90,《司法改革十週年的回顧與展望》會議實錄 法學叢書系列之二,2010-03,法學叢書,,綜合座談,,629-668,https://publication.iias.sinica.edu.tw/books/books02/books02ch12/files/assets/basic-html/index.html#1,html,,html_docs/90_20_untitled_綜合座談/entry.html,html_text/90_20_untitled_綜合座談.txt,,40,16815,
90,《司法改革十週年的回顧與展望》會議實錄 法學叢書系列之二,2010-03,法學叢書,,索引,,,,,,,,,,,
37,第 6 期,2010-03,法學期刊,,變遷中之行政組織法 從「組織形式選擇自由」到「組織最適誡命」,詹鎮榮,1-60,https://publication.iias.sinica.edu.tw/journal/journal06/journal06ch01/files/assets/basic-html/index.html#1,html,,html_docs/37_01_詹鎮榮_變遷中之行政組織法_從「組織形式選擇自由」到「組織最適誡命」/entry.html,html_text/37_01_詹鎮榮_變遷中之行政組織法_從「組織形式選擇自由」到「組織最適誡命」.txt,,60,27440,
37,第 6 期,2010-03,法學期刊,,溝通行動與立法言談 台灣人工流產法制之立法及修法歷程分析,官曉薇,61-128,https://publication.iias.sinica.edu.tw/journal/journal06/journal06ch02/files/assets/basic-html/index.html#1,html,,html_docs/37_02_官曉薇_溝通行動與立法言談_台灣人工流產法制之立法及修法歷程分析/entry.html,html_text/37_02_官曉薇_溝通行動與立法言談_台灣人工流產法制之立法及修法歷程分析.txt,,68,31192,
37,第 6 期,2010-03,法學期刊,,消滅時效的證據衰竭不等說 並論其在物上與公法請求的適用,簡資修,129-165,https://publication.iias.sinica.edu.tw/journal/journal06/journal06ch03/files/assets/basic-html/index.html#1,html,,html_docs/37_03_簡資修_消滅時效的證據衰竭不等說_並論其在物上與公法請求的適用/entry.html,html_text/37_03_簡資修_消滅時效的證據衰竭不等說_並論其在物上與公法請求的適用.txt,,37,17346,
37,第 6 期,2010-03,法學期刊,,土地徵收條例第三十條之徵收補償標準 綜論2000年後之最高行政法院相關判決,張永健,167-206,https://publication.iias.sinica.edu.tw/journal/journal06/journal06ch04/files/assets/basic-html/index.html#1,html,,html_docs/37_04_張永健_土地徵收條例第三十條之徵收補償標準_綜論2000年後之最高行政法院相關判決/entry.html,html_text/37_04_張永健_土地徵收條例第三十條之徵收補償標準_綜論2000年後之最高行政法院相關判決.txt,,40,20052,
37,第 6 期,2010-03,法學期刊,,The Application of the European SEA Directive in the Energy Sector An Attempt to Develop the List Approach to“Specifying Types of Energy Plans and Programmes”,Anton Ming-Zhi Gao,207-313,https://publication.iias.sinica.edu.tw/journal/journal06/journal06ch05/files/assets/basic-html/index.html#1,html,,html_docs/37_05_Anton_Ming-Zhi_Gao_The_Application_of_the_European_SEA_Directive_in_the_Energy_Sector_An_Attempt_to_Develop_t/entry.html,html_text/37_05_Anton_Ming-Zhi_Gao_The_Application_of_the_European_SEA_Directive_in_the_Energy_Sector_An_Attempt_to_Develop_t.txt,,107,57098,
70,2008 行政管制與行政爭訟 法學專書系列之十,2009-11,法學專書,,出版序,湯德宗,i-iv,https://publication.iias.sinica.edu.tw/book/book10/book10ch00/files/assets/basic-html/index.html#1,html,,html_docs/70_01_湯德宗_出版序/entry.html,html_text/70_01_湯德宗_出版序.txt,,2,752,
70,2008 行政管制與行政爭訟 法學專書系列之十,2009-11,法學專書,,從救濟管道到管制脈絡 論行政處分與行政契約的交錯與併存爭議,葉俊榮,1-33,https://publication.iias.sinica.edu.tw/book/book10/book10ch01/files/assets/basic-html/index.html#1,html,,html_docs/70_02_葉俊榮_從救濟管道到管制脈絡_論行政處分與行政契約的交錯與併存爭議/entry.html,html_text/70_02_葉俊榮_從救濟管道到管制脈絡_論行政處分與行政契約的交錯與併存爭議.txt,,33,18917,
70,2008 行政管制與行政爭訟 法學專書系列之十,2009-11,法學專書,,論行政罰法中「單一行為」之概念,林明昕,35-125,https://publication.iias.sinica.edu.tw/book/book10/book10ch02/files/assets/basic-html/index.html#1,html,,html_docs/70_03_林明昕_論行政罰法中「單一行為」之概念/entry.html,html_text/70_03_林明昕_論行政罰法中「單一行為」之概念.txt,,91,45309,
70,2008 行政管制與行政爭訟 法學專書系列之十,2009-11,法學專書,,試論行政執行之債務人異議之訴 兼評最高行政法院97年5月份第1次庭長法官聯席會議決議,李建良,127-166,https://publication.iias.sinica.edu.tw/book/book10/book10ch03/files/assets/basic-html/index.html#1,html,,html_docs/70_04_李建良_試論行政執行之債務人異議之訴_兼評最高行政法院97年5月份第1次庭長法官聯席會議決議/entry.html,html_text/70_04_李建良_試論行政執行之債務人異議之訴_兼評最高行政法院97年5月份第1次庭長法官聯席會議決議.txt,,40,19305,
70,2008 行政管制與行政爭訟 法學專書系列之十,2009-11,法學專書,,租稅核課處分之不利變更與信賴保護 試評高雄高等行政法院91年度訴字第891號判決,盛子龍,167-215,https://publication.iias.sinica.edu.tw/book/book10/book10ch04/files/assets/basic-html/index.html#1,html,,html_docs/70_05_盛子龍_租稅核課處分之不利變更與信賴保護_試評高雄高等行政法院91年度訴字第891號判決/entry.html,html_text/70_05_盛子龍_租稅核課處分之不利變更與信賴保護_試評高雄高等行政法院91年度訴字第891號判決.txt,,49,24402,
70,2008 行政管制與行政爭訟 法學專書系列之十,2009-11,法學專書,,既成道路認定之法律救濟問題,張桐銳,217-268,https://publication.iias.sinica.edu.tw/book/book10/book10ch05/files/assets/basic-html/index.html#1,html,,html_docs/70_06_張桐銳_既成道路認定之法律救濟問題/entry.html,html_text/70_06_張桐銳_既成道路認定之法律救濟問題.txt,,52,24972,
70,2008 行政管制與行政爭訟 法學專書系列之十,2009-11,法學專書,,從法國法之角度試論我國情況決定規定與其損害賠償請求權之適用爭議,吳秦雯,269-333,https://publication.iias.sinica.edu.tw/book/book10/book10ch06/files/assets/basic-html/index.html#1,html,,html_docs/70_07_吳秦雯_從法國法之角度試論我國情況決定規定與其損害賠償請求權之適用爭議/entry.html,html_text/70_07_吳秦雯_從法國法之角度試論我國情況決定規定與其損害賠償請求權之適用爭議.txt,,65,38563,
70,2008 行政管制與行政爭訟 法學專書系列之十,2009-11,法學專書,,課予義務訴訟之訴訟標的及判決之既判力 兼評最高行政法院97年12月份第3次庭長法官聯席會議決議,劉建宏,335-380,https://publication.iias.sinica.edu.tw/book/book10/book10ch07/files/assets/basic-html/index.html#1,html,,html_docs/70_08_劉建宏_課予義務訴訟之訴訟標的及判決之既判力_兼評最高行政法院97年12月份第3次庭長法官聯席會議決議/entry.html,html_text/70_08_劉建宏_課予義務訴訟之訴訟標的及判決之既判力_兼評最高行政法院97年12月份第3次庭長法官聯席會議決議.txt,,46,23439,
36,第 5 期,2009-09,法學期刊,,香港臺灣兩地民商事案件司法協助實證研究,張憲初,1-68,https://publication.iias.sinica.edu.tw/journal/journal05/journal05ch01/files/assets/basic-html/index.html#1,html,,html_docs/36_01_張憲初_香港臺灣兩地民商事案件司法協助實證研究/entry.html,html_text/36_01_張憲初_香港臺灣兩地民商事案件司法協助實證研究.txt,,68,35362,
36,第 5 期,2009-09,法學期刊,,國民黨在中國的「黨治」經驗 民主憲政的助力或阻力？,王泰升,69-228,https://publication.iias.sinica.edu.tw/journal/journal05/journal05ch02/files/assets/basic-html/index.html#1,html,,html_docs/36_02_王泰升_國民黨在中國的「黨治」經驗_民主憲政的助力或阻力？/entry.html,html_text/36_02_王泰升_國民黨在中國的「黨治」經驗_民主憲政的助力或阻力？.txt,,160,79775,
36,第 5 期,2009-09,法學期刊,,法概念與分離命題 論Alexy與Raz關於法實證主義之爭,王鵬翔,229-289,https://publication.iias.sinica.edu.tw/journal/journal05/journal05ch03/files/assets/basic-html/index.html#1,html,,html_docs/36_03_王鵬翔_法概念與分離命題_論Alexy與Raz關於法實證主義之爭/entry.html,html_text/36_03_王鵬翔_法概念與分離命題_論Alexy與Raz關於法實證主義之爭.txt,,61,27534,
36,第 5 期,2009-09,法學期刊,,判例在法國行政法上的地位,王必芳,291-360,https://publication.iias.sinica.edu.tw/journal/journal05/journal05ch04/files/assets/basic-html/index.html#1,html,,html_docs/36_04_王必芳_判例在法國行政法上的地位/entry.html,html_text/36_04_王必芳_判例在法國行政法上的地位.txt,,70,32988,
69,2008 司法制度實證研究 法學專書系列之九,2009-08,法學專書,,出版序,湯德宗,i-iv,https://publication.iias.sinica.edu.tw/book/book09/book09ch00/files/assets/basic-html/index.html#1,html,,html_docs/69_01_湯德宗_出版序/entry.html,html_text/69_01_湯德宗_出版序.txt,,2,752,
69,2008 司法制度實證研究 法學專書系列之九,2009-08,法學專書,,"Summary Judgment Rates Over Time, Across Case Categories, and Across Districts:An Empirical Study of Three Large Federal Districts",Theodore Eisenberg & Charlotte Lanvers,1-34,https://publication.iias.sinica.edu.tw/book/book09/book09ch01/files/assets/basic-html/index.html#1,html,,"html_docs/69_02_Theodore_Eisenberg_Charlotte_Lanvers_Summary_Judgment_Rates_Over_Time,_Across_Case_Categories,_and_Across_Districts_An_Empirica/entry.html","html_text/69_02_Theodore_Eisenberg_Charlotte_Lanvers_Summary_Judgment_Rates_Over_Time,_Across_Case_Categories,_and_Across_Districts_An_Empirica.txt",,27,17834,
69,2008 司法制度實證研究 法學專書系列之九,2009-08,法學專書,,Litigation Realities Renewed,Kevin M. Clermont,35-104,https://publication.iias.sinica.edu.tw/book/book09/book09ch02/files/assets/basic-html/index.html#1,html,,html_docs/69_03_Kevin_M._Clermont_Litigation_Realities_Renewed/entry.html,html_text/69_03_Kevin_M._Clermont_Litigation_Realities_Renewed.txt,,70,32273,
69,2008 司法制度實證研究 法學專書系列之九,2009-08,法學專書,,What Difference Do Juries Make?,Valerie P. Hans,105-148,https://publication.iias.sinica.edu.tw/book/book09/book09ch03/files/assets/basic-html/index.html#1,html,,html_docs/69_04_Valerie_P._Hans_What_Difference_Do_Juries_Make/entry.html,html_text/69_04_Valerie_P._Hans_What_Difference_Do_Juries_Make.txt,,44,20300,
69,2008 司法制度實證研究 法學專書系列之九,2009-08,法學專書,,The Politicization of the Kelsenian Constitutional Courts Empirical Evidence,Nuno Garoupa,149-195,https://publication.iias.sinica.edu.tw/book/book09/book09ch04/files/assets/basic-html/index.html#1,html,,html_docs/69_05_Nuno_Garoupa_The_Politicization_of_the_Kelsenian_Constitutional_Courts_Empirical_Evidence/entry.html,html_text/69_05_Nuno_Garoupa_The_Politicization_of_the_Kelsenian_Constitutional_Courts_Empirical_Evidence.txt,,47,26096,
69,2008 司法制度實證研究 法學專書系列之九,2009-08,法學專書,,Sex Bias in the Japanese Courts,J. Mark Ramseyer,197-218,https://publication.iias.sinica.edu.tw/book/book09/book09ch05/files/assets/basic-html/index.html#1,html,,html_docs/69_06_J._Mark_Ramseyer_Sex_Bias_in_the_Japanese_Courts/entry.html,html_text/69_06_J._Mark_Ramseyer_Sex_Bias_in_the_Japanese_Courts.txt,,22,9806,
69,2008 司法制度實證研究 法學專書系列之九,2009-08,法學專書,,Understanding Advice Seeking Behaviour Findings from New Zealand and England and Wales,Pascoe Pleasence ＆ Nigel J. Balmer,219-259,https://publication.iias.sinica.edu.tw/book/book09/book09ch06/files/assets/basic-html/index.html#1,html,,html_docs/69_07_Pascoe_Pleasence_＆_Nigel_J._Balmer_Understanding_Advice_Seeking_Behaviour_Findings_from_New_Zealand_and_England_and_Wales/entry.html,html_text/69_07_Pascoe_Pleasence_＆_Nigel_J._Balmer_Understanding_Advice_Seeking_Behaviour_Findings_from_New_Zealand_and_England_and_Wales.txt,,41,23544,
69,2008 司法制度實證研究 法學專書系列之九,2009-08,法學專書,,Japanese Disputing Behavior Reconsidered,村山真維,261-298,https://publication.iias.sinica.edu.tw/book/book09/book09ch07/files/assets/basic-html/index.html#1,html,,html_docs/69_08_村山真維_Japanese_Disputing_Behavior_Reconsidered/entry.html,html_text/69_08_村山真維_Japanese_Disputing_Behavior_Reconsidered.txt,,38,18149,
69,2008 司法制度實證研究 法學專書系列之九,2009-08,法學專書,,What Drives the Passage of Damage Caps?,Jonathan Klick & Catherine M. Sharkey,299-330,https://publication.iias.sinica.edu.tw/book/book09/book09ch08/files/assets/basic-html/index.html#1,html,,html_docs/69_09_Jonathan_Klick_Catherine_M._Sharkey_What_Drives_the_Passage_of_Damage_Caps/entry.html,html_text/69_09_Jonathan_Klick_Catherine_M._Sharkey_What_Drives_the_Passage_of_Damage_Caps.txt,,32,15112,
69,2008 司法制度實證研究 法學專書系列之九,2009-08,法學專書,,Commercial Surety Bail and the Problem of Missed Court Appearances and Pretrial Detention,Thomas H. Cohen,331-390,https://publication.iias.sinica.edu.tw/book/book09/book09ch09/files/assets/basic-html/index.html#1,html,,html_docs/69_10_Thomas_H._Cohen_Commercial_Surety_Bail_and_the_Problem_of_Missed_Court_Appearances_and_Pretrial_Detention/entry.html,html_text/69_10_Thomas_H._Cohen_Commercial_Surety_Bail_and_the_Problem_of_Missed_Court_Appearances_and_Pretrial_Detention.txt,,60,35066,
69,2008 司法制度實證研究 法學專書系列之九,2009-08,法學專書,,當代台灣法律文化的轉化 以家暴保護令審理庭為例,王曉丹,391-446,https://publication.iias.sinica.edu.tw/book/book09/book09ch10/files/assets/basic-html/index.html#1,html,,html_docs/69_11_王曉丹_當代台灣法律文化的轉化_以家暴保護令審理庭為例/entry.html,html_text/69_11_王曉丹_當代台灣法律文化的轉化_以家暴保護令審理庭為例.txt,,56,30394,
69,2008 司法制度實證研究 法學專書系列之九,2009-08,法學專書,,刑事第二審制度變革之影響評估 一個實證考察之分析模組,黃國昌,447-495,https://publication.iias.sinica.edu.tw/book/book09/book09ch11/files/assets/basic-html/index.html#1,html,,html_docs/69_12_黃國昌_刑事第二審制度變革之影響評估_一個實證考察之分析模組/entry.html,html_text/69_12_黃國昌_刑事第二審制度變革之影響評估_一個實證考察之分析模組.txt,,49,27432,
68,憲法解釋之理論與實務 (第六輯) (上冊) 法學專書系列之八,2009-07,法學專書,,出版序,湯德宗,i-iv,https://publication.iias.sinica.edu.tw/book/book08/book08ch00/files/assets/basic-html/index.html#1,html,,html_docs/68_01_湯德宗_出版序/entry.html,html_text/68_01_湯德宗_出版序.txt,,2,752,
68,憲法解釋之理論與實務 (第六輯) (上冊) 法學專書系列之八,2009-07,法學專書,,憲法之維護者,翁岳生,1-169,https://publication.iias.sinica.edu.tw/book/book08/book08ch01-1/files/assets/basic-html/index.html#1,html,,html_docs/68_02_翁岳生_憲法之維護者/entry.html,html_text/68_02_翁岳生_憲法之維護者.txt,,146,75178,
68,憲法解釋之理論與實務 (第六輯) (上冊) 法學專書系列之八,2009-07,法學專書,,附錄二,翁岳生,147-166,https://publication.iias.sinica.edu.tw/book/book08/book08ch01-2/files/assets/basic-html/index.html#1,html,,html_docs/68_03_翁岳生_附錄二/entry.html,html_text/68_03_翁岳生_附錄二.txt,,20,7906,
68,憲法解釋之理論與實務 (第六輯) (上冊) 法學專書系列之八,2009-07,法學專書,,附錄三,翁岳生,167-169,https://publication.iias.sinica.edu.tw/book/book08/book08ch01-3/files/assets/basic-html/index.html#1,html,,html_docs/68_04_翁岳生_附錄三/entry.html,html_text/68_04_翁岳生_附錄三.txt,,3,1082,
68,憲法解釋之理論與實務 (第六輯) (上冊) 法學專書系列之八,2009-07,法學專書,,Constitutional Interpretation and Constitutional Theory,Mark Tushnet,171-190,https://publication.iias.sinica.edu.tw/book/book08/book08ch02/files/assets/basic-html/index.html#1,html,,html_docs/68_05_Mark_Tushnet_Constitutional_Interpretation_and_Constitutional_Theory/entry.html,html_text/68_05_Mark_Tushnet_Constitutional_Interpretation_and_Constitutional_Theory.txt,,20,9884,
68,憲法解釋之理論與實務 (第六輯) (上冊) 法學專書系列之八,2009-07,法學專書,,「價值」在憲法解釋中扮演的角色 從釋字第617號解釋談起,黃舒芃,191-221,https://publication.iias.sinica.edu.tw/book/book08/book08ch03/files/assets/basic-html/index.html#1,html,,html_docs/68_06_黃舒芃_「價值」在憲法解釋中扮演的角色_從釋字第617號解釋談起/entry.html,html_text/68_06_黃舒芃_「價值」在憲法解釋中扮演的角色_從釋字第617號解釋談起.txt,,31,15009,
68,憲法解釋之理論與實務 (第六輯) (上冊) 法學專書系列之八,2009-07,法學專書,,憲法與國際人權法的匯流 兼論我國大法官解釋之實踐,張文貞,223-272,https://publication.iias.sinica.edu.tw/book/book08/book08ch04/files/assets/basic-html/index.html#1,html,,html_docs/68_07_張文貞_憲法與國際人權法的匯流_兼論我國大法官解釋之實踐/entry.html,html_text/68_07_張文貞_憲法與國際人權法的匯流_兼論我國大法官解釋之實踐.txt,,50,23368,
68,憲法解釋之理論與實務 (第六輯) (上冊) 法學專書系列之八,2009-07,法學專書,,憲法解釋機關之國際人權挑戰,廖福特,273-325,https://publication.iias.sinica.edu.tw/book/book08/book08ch05/files/assets/basic-html/index.html#1,html,,html_docs/68_08_廖福特_憲法解釋機關之國際人權挑戰/entry.html,html_text/68_08_廖福特_憲法解釋機關之國際人權挑戰.txt,,53,25465,
68,憲法解釋之理論與實務 (第六輯) (上冊) 法學專書系列之八,2009-07,法學專書,,憲法保障之制度與基本權之制度性保障 兼論基本權客觀內涵之主觀化,程明修,327-363,https://publication.iias.sinica.edu.tw/book/book08/book08ch06/files/assets/basic-html/index.html#1,html,,html_docs/68_09_程明修_憲法保障之制度與基本權之制度性保障_兼論基本權客觀內涵之主觀化/entry.html,html_text/68_09_程明修_憲法保障之制度與基本權之制度性保障_兼論基本權客觀內涵之主觀化.txt,,38,19018,
67,憲法解釋之理論與實務 (第六輯) (下冊) 法學專書系列之八,2009-07,法學專書,,出版序,湯德宗,i-iv,https://publication.iias.sinica.edu.tw/book/book08/book08ch00/files/assets/basic-html/index.html#1,html,,html_docs/67_01_湯德宗_出版序/entry.html,html_text/67_01_湯德宗_出版序.txt,,2,752,
67,憲法解釋之理論與實務 (第六輯) (下冊) 法學專書系列之八,2009-07,法學專書,,建構以平等公民權(Equal Citizenship)為基礎的憲法權利理論途徑 對傳統基本權理論之反省,廖元豪,365-428,https://publication.iias.sinica.edu.tw/book/book08/book08ch07/files/assets/basic-html/index.html#1,html,,html_docs/67_02_廖元豪_建構以平等公民權(Equal_Citizenship)為基礎的憲法權利理論途徑_對傳統基本權理論之反省/entry.html,html_text/67_02_廖元豪_建構以平等公民權(Equal_Citizenship)為基礎的憲法權利理論途徑_對傳統基本權理論之反省.txt,,64,36128,
67,憲法解釋之理論與實務 (第六輯) (下冊) 法學專書系列之八,2009-07,法學專書,,憲法解釋與原住民權利,黃居正,429-465,https://publication.iias.sinica.edu.tw/book/book08/book08ch08/files/assets/basic-html/index.html#1,html,,html_docs/67_03_黃居正_憲法解釋與原住民權利/entry.html,html_text/67_03_黃居正_憲法解釋與原住民權利.txt,,37,16884,
67,憲法解釋之理論與實務 (第六輯) (下冊) 法學專書系列之八,2009-07,法學專書,,人權維護者的六十回顧與時代挑戰 試探大法官人權解釋的反多數困局,李建良,467-549,https://publication.iias.sinica.edu.tw/book/book08/book08ch09-1/files/assets/basic-html/index.html#1,html,,html_docs/67_04_李建良_人權維護者的六十回顧與時代挑戰_試探大法官人權解釋的反多數困局/entry.html,html_text/67_04_李建良_人權維護者的六十回顧與時代挑戰_試探大法官人權解釋的反多數困局.txt,,68,40366,
67,憲法解釋之理論與實務 (第六輯) (下冊) 法學專書系列之八,2009-07,法學專書,,附錄,李建良,535-549,https://publication.iias.sinica.edu.tw/book/book08/book08ch09-2/files/assets/basic-html/index.html#1,html,,html_docs/67_05_李建良_附錄/entry.html,html_text/67_05_李建良_附錄.txt,,15,5652,
67,憲法解釋之理論與實務 (第六輯) (下冊) 法學專書系列之八,2009-07,法學專書,,平等權案件之司法審查標準 從釋字第626號解釋談起,黃昭元,551-580,https://publication.iias.sinica.edu.tw/book/book08/book08ch10/files/assets/basic-html/index.html#1,html,,html_docs/67_06_黃昭元_平等權案件之司法審查標準_從釋字第626號解釋談起/entry.html,html_text/67_06_黃昭元_平等權案件之司法審查標準_從釋字第626號解釋談起.txt,,30,13937,
67,憲法解釋之理論與實務 (第六輯) (下冊) 法學專書系列之八,2009-07,法學專書,,違憲審查基準體系建構初探 「階層式比例原則」構想,湯德宗,581-660,https://publication.iias.sinica.edu.tw/book/book08/book08ch11/files/assets/basic-html/page-1.html,html,,html_docs/67_07_湯德宗_違憲審查基準體系建構初探_「階層式比例原則」構想/entry.html,html_text/67_07_湯德宗_違憲審查基準體系建構初探_「階層式比例原則」構想.txt,,1,100,
67,憲法解釋之理論與實務 (第六輯) (下冊) 法學專書系列之八,2009-07,法學專書,,立法不作為的憲法訟爭性 自由民主之憲政秩序與釋字第632號解釋,吳煜宗,661-692,https://publication.iias.sinica.edu.tw/book/book08/book08ch12/files/assets/basic-html/index.html#1,html,,html_docs/67_08_吳煜宗_立法不作為的憲法訟爭性_自由民主之憲政秩序與釋字第632號解釋/entry.html,html_text/67_08_吳煜宗_立法不作為的憲法訟爭性_自由民主之憲政秩序與釋字第632號解釋.txt,,32,14710,
67,憲法解釋之理論與實務 (第六輯) (下冊) 法學專書系列之八,2009-07,法學專書,,論元首的豁免權與國家機密特權 釋字第627號解釋評析,陳淳文,693-768,https://publication.iias.sinica.edu.tw/book/book08/book08ch13/files/assets/basic-html/index.html#1,html,,html_docs/67_09_陳淳文_論元首的豁免權與國家機密特權_釋字第627號解釋評析/entry.html,html_text/67_09_陳淳文_論元首的豁免權與國家機密特權_釋字第627號解釋評析.txt,,76,37269,
35,第 4 期,2009-03,法學期刊,,泰國國家人權委員會之設立及發展 在軍事政變與民主立憲之間,廖福特,1-79,https://publication.iias.sinica.edu.tw/journal/journal04/journal04ch01/files/assets/basic-html/index.html#1,html,,html_docs/35_01_廖福特_泰國國家人權委員會之設立及發展_在軍事政變與民主立憲之間/entry.html,html_text/35_01_廖福特_泰國國家人權委員會之設立及發展_在軍事政變與民主立憲之間.txt,,79,39249,
35,第 4 期,2009-03,法學期刊,,應然與實然之關係作為純粹法學的難題 論Hans Kelsen實證法理論的演變與分期問題,鍾芳樺,81-150,https://publication.iias.sinica.edu.tw/journal/journal04/journal04ch02/files/assets/basic-html/index.html#1,html,,html_docs/35_02_鍾芳樺_應然與實然之關係作為純粹法學的難題_論Hans_Kelsen實證法理論的演變與分期問題/entry.html,html_text/35_02_鍾芳樺_應然與實然之關係作為純粹法學的難題_論Hans_Kelsen實證法理論的演變與分期問題.txt,,70,35562,
35,第 4 期,2009-03,法學期刊,,從半總統制談威瑪憲法的制憲理論與實際 議會民主到行政獨裁,沈有忠,151-205,https://publication.iias.sinica.edu.tw/journal/journal04/journal04ch03/files/assets/basic-html/index.html#1,html,,html_docs/35_03_沈有忠_從半總統制談威瑪憲法的制憲理論與實際_議會民主到行政獨裁/entry.html,html_text/35_03_沈有忠_從半總統制談威瑪憲法的制憲理論與實際_議會民主到行政獨裁.txt,,55,28146,
35,第 4 期,2009-03,法學期刊,,「新興人權」之保障與發展初探 我國與日本之比較,蕭淑芬,207-231,https://publication.iias.sinica.edu.tw/journal/journal04/journal04ch04/files/assets/basic-html/index.html#1,html,,html_docs/35_04_蕭淑芬_「新興人權」之保障與發展初探_我國與日本之比較/entry.html,html_text/35_04_蕭淑芬_「新興人權」之保障與發展初探_我國與日本之比較.txt,,25,11820,
66,2008 法律思想與社會變遷 法學專書系列之七,2008-12,法學專書,,出版序,湯德宗,i-iv,https://publication.iias.sinica.edu.tw/book/book07/book07ch00/files/assets/basic-html/index.html#1,html,,html_docs/66_01_湯德宗_出版序/entry.html,html_text/66_01_湯德宗_出版序.txt,,2,752,
66,2008 法律思想與社會變遷 法學專書系列之七,2008-12,法學專書,,Truth in Law. Reflections on the Function and Legitimacy of the One Right Answer-Thesis,Lorenz Schulz,1-11,https://publication.iias.sinica.edu.tw/book/book07/book07ch01/files/assets/basic-html/index.html#1,html,,html_docs/66_02_Lorenz_Schulz_Truth_in_Law._Reflections_on_the_Function_and_Legitimacy_of_the_One_Right_Answer-Thesis/entry.html,html_text/66_02_Lorenz_Schulz_Truth_in_Law._Reflections_on_the_Function_and_Legitimacy_of_the_One_Right_Answer-Thesis.txt,,11,5995,
66,2008 法律思想與社會變遷 法學專書系列之七,2008-12,法學專書,,由規範縫隙到規範存有 初探法律論證中的實踐描述,顏厥安,13-44,https://publication.iias.sinica.edu.tw/book/book07/book07ch02/files/assets/basic-html/index.html#1,html,,html_docs/66_03_顏厥安_由規範縫隙到規範存有_初探法律論證中的實踐描述/entry.html,html_text/66_03_顏厥安_由規範縫隙到規範存有_初探法律論證中的實踐描述.txt,,32,14509,
66,2008 法律思想與社會變遷 法學專書系列之七,2008-12,法學專書,,合法性與整全性 對德沃金法治觀的審視與反思,莊世同,45-84,https://publication.iias.sinica.edu.tw/book/book07/book07ch03/files/assets/basic-html/index.html#1,html,,html_docs/66_04_莊世同_合法性與整全性_對德沃金法治觀的審視與反思/entry.html,html_text/66_04_莊世同_合法性與整全性_對德沃金法治觀的審視與反思.txt,,40,17562,
66,2008 法律思想與社會變遷 法學專書系列之七,2008-12,法學專書,,系統理論對於法全球化的考察,張嘉尹,85-139,https://publication.iias.sinica.edu.tw/book/book07/book07ch04/files/assets/basic-html/index.html#1,html,,html_docs/66_05_張嘉尹_系統理論對於法全球化的考察/entry.html,html_text/66_05_張嘉尹_系統理論對於法全球化的考察.txt,,55,26451,
66,2008 法律思想與社會變遷 法學專書系列之七,2008-12,法學專書,,空白，宮娥圖，在法律之前 一個對於自我與他者的法圖像學反思,江玉林,141-173,https://publication.iias.sinica.edu.tw/book/book07/book07ch05/files/assets/basic-html/index.html#1,html,,html_docs/66_06_江玉林_空白，宮娥圖，在法律之前_一個對於自我與他者的法圖像學反思/entry.html,html_text/66_06_江玉林_空白，宮娥圖，在法律之前_一個對於自我與他者的法圖像學反思.txt,,33,15398,
66,2008 法律思想與社會變遷 法學專書系列之七,2008-12,法學專書,,抗拒失憶 女性主義法律史的理論與方法初探,陳昭如,175-213,https://publication.iias.sinica.edu.tw/book/book07/book07ch06/files/assets/basic-html/index.html#1,html,,html_docs/66_07_陳昭如_抗拒失憶_女性主義法律史的理論與方法初探/entry.html,html_text/66_07_陳昭如_抗拒失憶_女性主義法律史的理論與方法初探.txt,,39,20264,
66,2008 法律思想與社會變遷 法學專書系列之七,2008-12,法學專書,,法律人類學之理論與方法初 外籍配偶為例,郭書琴,215-254,https://publication.iias.sinica.edu.tw/book/book07/book07ch07/files/assets/basic-html/index.html#1,html,,html_docs/66_08_郭書琴_法律人類學之理論與方法初_外籍配偶為例/entry.html,html_text/66_08_郭書琴_法律人類學之理論與方法初_外籍配偶為例.txt,,40,19056,
66,2008 法律思想與社會變遷 法學專書系列之七,2008-12,法學專書,,革命/反革命 南京國民政府時期國民黨的法律論述,劉恆妏,255-304,https://publication.iias.sinica.edu.tw/book/book07/book07ch08/files/assets/basic-html/index.html#1,html,,html_docs/66_09_劉恆妏_革命_反革命_南京國民政府時期國民黨的法律論述/entry.html,html_text/66_09_劉恆妏_革命_反革命_南京國民政府時期國民黨的法律論述.txt,,50,26870,
66,2008 法律思想與社會變遷 法學專書系列之七,2008-12,法學專書,,正確之法或框架秩序？ 一個對「法官受法拘束」意義的方法論反省,黃舒芃,305-343,https://publication.iias.sinica.edu.tw/book/book07/book07ch09/files/assets/basic-html/index.html#1,html,,html_docs/66_10_黃舒芃_正確之法或框架秩序？_一個對「法官受法拘束」意義的方法論反省/entry.html,html_text/66_10_黃舒芃_正確之法或框架秩序？_一個對「法官受法拘束」意義的方法論反省.txt,,39,22451,
66,2008 法律思想與社會變遷 法學專書系列之七,2008-12,法學專書,,規則是法律推理的排它性理由嗎?,王鵬翔,345-386,https://publication.iias.sinica.edu.tw/book/book07/book07ch10/files/assets/basic-html/index.html#1,html,,html_docs/66_11_王鵬翔_規則是法律推理的排它性理由嗎/entry.html,html_text/66_11_王鵬翔_規則是法律推理的排它性理由嗎.txt,,42,20390,
65,2007 行政管制與行政爭訟 法學專書系列之六,2008-11,法學專書,,出版序,湯德宗,i-iv,https://publication.iias.sinica.edu.tw/book/book06/book06ch00/files/assets/basic-html/index.html#1,html,,html_docs/65_01_湯德宗_出版序/entry.html,html_text/65_01_湯德宗_出版序.txt,,1,426,
65,2007 行政管制與行政爭訟 法學專書系列之六,2008-11,法學專書,,論行政法上共同違反義務行為之處罰,江嘉琪,1-28,https://publication.iias.sinica.edu.tw/book/book06/book06ch01/files/assets/basic-html/index.html#1,html,,html_docs/65_02_江嘉琪_論行政法上共同違反義務行為之處罰/entry.html,html_text/65_02_江嘉琪_論行政法上共同違反義務行為之處罰.txt,,28,13671,
65,2007 行政管制與行政爭訟 法學專書系列之六,2008-11,法學專書,,論行政法上「責任」概念及責任人的選擇問題 兼評最高行政法院93年度判字第628號、95年度判字第1421號判決及其相關判決,李建良,29-104,https://publication.iias.sinica.edu.tw/book/book06/book06ch02/files/assets/basic-html/index.html#1,html,,html_docs/65_03_李建良_論行政法上「責任」概念及責任人的選擇問題_兼評最高行政法院93年度判字第628號、95年度判字第1421號判決及其相關判決/entry.html,html_text/65_03_李建良_論行政法上「責任」概念及責任人的選擇問題_兼評最高行政法院93年度判字第628號、95年度判字第1421號判決及其相關判決.txt,,76,40059,
65,2007 行政管制與行政爭訟 法學專書系列之六,2008-11,法學專書,,現行行政命令合法性審查之檢討 以不利益處分所引發之司法審查為中心,陳淳文,105-169,https://publication.iias.sinica.edu.tw/book/book06/book06ch03/files/assets/basic-html/index.html#1,html,,html_docs/65_04_陳淳文_現行行政命令合法性審查之檢討_以不利益處分所引發之司法審查為中心/entry.html,html_text/65_04_陳淳文_現行行政命令合法性審查之檢討_以不利益處分所引發之司法審查為中心.txt,,65,31780,
65,2007 行政管制與行政爭訟 法學專書系列之六,2008-11,法學專書,,民營化與公務人員之身分保障 以榮工處民營化為例,張桐銳,171-217,https://publication.iias.sinica.edu.tw/book/book06/book06ch04/files/assets/basic-html/index.html#1,html,,html_docs/65_05_張桐銳_民營化與公務人員之身分保障_以榮工處民營化為例/entry.html,html_text/65_05_張桐銳_民營化與公務人員之身分保障_以榮工處民營化為例.txt,,47,22507,
65,2007 行政管制與行政爭訟 法學專書系列之六,2008-11,法學專書,,論公營事業人員之強制資遣 以台北高等行政法院94年度訴字第1764號判決出發,詹鎮榮,219-283,https://publication.iias.sinica.edu.tw/book/book06/book06ch05/files/assets/basic-html/index.html#1,html,,html_docs/65_06_詹鎮榮_論公營事業人員之強制資遣_以台北高等行政法院94年度訴字第1764號判決出發/entry.html,html_text/65_06_詹鎮榮_論公營事業人員之強制資遣_以台北高等行政法院94年度訴字第1764號判決出發.txt,,65,30982,
65,2007 行政管制與行政爭訟 法學專書系列之六,2008-11,法學專書,,資訊公開暨資訊隱私法案例研究(2006/11～2007/10),湯德宗,285-348,https://publication.iias.sinica.edu.tw/book/book06/book06ch06/files/assets/basic-html/index.html#1,html,,html_docs/65_07_湯德宗_資訊公開暨資訊隱私法案例研究(2006_11～2007_10)/entry.html,html_text/65_07_湯德宗_資訊公開暨資訊隱私法案例研究(2006_11～2007_10).txt,,64,33770,
34,第 3 期,2008-03,法學期刊,,德國獨立機關獨立性之研究 以通訊傳播領域為中心並評論我國釋字第613號解釋,黃錦堂,1-54,https://publication.iias.sinica.edu.tw/journal/journal03/journal03ch01/files/assets/basic-html/index.html#1,html,,html_docs/34_01_黃錦堂_德國獨立機關獨立性之研究_以通訊傳播領域為中心並評論我國釋字第613號解釋/entry.html,html_text/34_01_黃錦堂_德國獨立機關獨立性之研究_以通訊傳播領域為中心並評論我國釋字第613號解釋.txt,,54,25625,
34,第 3 期,2008-03,法學期刊,,主權與分權 中央與地方關係的基本理論,張千帆,55-113,https://publication.iias.sinica.edu.tw/journal/journal03/journal03ch02/files/assets/basic-html/index.html#1,html,,html_docs/34_02_張千帆_主權與分權_中央與地方關係的基本理論/entry.html,html_text/34_02_張千帆_主權與分權_中央與地方關係的基本理論.txt,,59,25519,
34,第 3 期,2008-03,法學期刊,,論德國法之穿透責任理論於中石化（台鹼）安順廠污染事件之適用,王毓正,115-161,https://publication.iias.sinica.edu.tw/journal/journal03/journal03ch03/files/assets/basic-html/index.html#1,html,,html_docs/34_03_王毓正_論德國法之穿透責任理論於中石化（台鹼）安順廠污染事件之適用/entry.html,html_text/34_03_王毓正_論德國法之穿透責任理論於中石化（台鹼）安順廠污染事件之適用.txt,,47,27163,
34,第 3 期,2008-03,法學期刊,,德沃金之詮釋主義及其徹底化,顏厥安,163-200,https://publication.iias.sinica.edu.tw/journal/journal03/journal03ch04/files/assets/basic-html/index.html#1,html,,html_docs/34_04_顏厥安_德沃金之詮釋主義及其徹底化/entry.html,html_text/34_04_顏厥安_德沃金之詮釋主義及其徹底化.txt,,38,18070,
34,第 3 期,2008-03,法學期刊,,「以人為對象」的研究和研究倫理委員會 以美國法制下之「言論出版自由」與「思想研究自由」為論述核心,劉靜怡,201-274,https://publication.iias.sinica.edu.tw/journal/journal03/journal03ch05/files/assets/basic-html/index.html#1,html,,html_docs/34_05_劉靜怡_「以人為對象」的研究和研究倫理委員會_以美國法制下之「言論出版自由」與「思想研究自由」為論述核心/entry.html,html_text/34_05_劉靜怡_「以人為對象」的研究和研究倫理委員會_以美國法制下之「言論出版自由」與「思想研究自由」為論述核心.txt,,74,38083,
64,2007 科技發展與法律規範雙年刊 法學專書系列之五,2008-03,法學專書,,出版序,湯德宗,i,https://publication.iias.sinica.edu.tw/book/book05/book05ch00/files/assets/basic-html/index.html#1,html,,html_docs/64_01_湯德宗_出版序/entry.html,html_text/64_01_湯德宗_出版序.txt,,2,752,
64,2007 科技發展與法律規範雙年刊 法學專書系列之五,2008-03,法學專書,,"Law, Science, and Society Expert Knowledge in Legal Disputes",Michael Lynch,1-24,https://publication.iias.sinica.edu.tw/book/book05/book05ch01/files/assets/basic-html/index.html#1,html,,"html_docs/64_02_Michael_Lynch_Law,_Science,_and_Society_Expert_Knowledge_in_Legal_Disputes/entry.html","html_text/64_02_Michael_Lynch_Law,_Science,_and_Society_Expert_Knowledge_in_Legal_Disputes.txt",,23,11753,
64,2007 科技發展與法律規範雙年刊 法學專書系列之五,2008-03,法學專書,,從SARS 到禽流感 先進的風險分析是治療公衛系統「憂鬱」之「百憂解」嗎？,吳建昌,25-58,https://publication.iias.sinica.edu.tw/book/book05/book05ch02/files/assets/basic-html/index.html#1,html,,html_docs/64_03_吳建昌_從SARS_到禽流感_先進的風險分析是治療公衛系統「憂鬱」之「百憂解」嗎？/entry.html,html_text/64_03_吳建昌_從SARS_到禽流感_先進的風險分析是治療公衛系統「憂鬱」之「百憂解」嗎？.txt,,34,14749,
64,2007 科技發展與法律規範雙年刊 法學專書系列之五,2008-03,法學專書,,法律、權力與共通福祉 從SARS 防治及紓困暫行條例談起,江玉林,59-97,https://publication.iias.sinica.edu.tw/book/book05/book05ch03/files/assets/basic-html/index.html#1,html,,html_docs/64_04_江玉林_法律、權力與共通福祉_從SARS_防治及紓困暫行條例談起/entry.html,html_text/64_04_江玉林_法律、權力與共通福祉_從SARS_防治及紓困暫行條例談起.txt,,39,17834,
64,2007 科技發展與法律規範雙年刊 法學專書系列之五,2008-03,法學專書,,從勞工職災補償制度的因果認定談治理理性的典範移轉/h2>,邱文聰,99-142,https://publication.iias.sinica.edu.tw/book/book05/book05ch04/files/assets/basic-html/index.html#1,html,,html_docs/64_05_邱文聰_從勞工職災補償制度的因果認定談治理理性的典範移轉_h2/entry.html,html_text/64_05_邱文聰_從勞工職災補償制度的因果認定談治理理性的典範移轉_h2.txt,,44,24031,
64,2007 科技發展與法律規範雙年刊 法學專書系列之五,2008-03,法學專書,,人類基因資料庫的潛在風險議題定性與風險管理模式之研議,牛惠之,143-196,https://publication.iias.sinica.edu.tw/book/book05/book05ch05/files/assets/basic-html/index.html#1,html,,html_docs/64_06_牛惠之_人類基因資料庫的潛在風險議題定性與風險管理模式之研議/entry.html,html_text/64_06_牛惠之_人類基因資料庫的潛在風險議題定性與風險管理模式之研議.txt,,54,30287,
64,2007 科技發展與法律規範雙年刊 法學專書系列之五,2008-03,法學專書,,風險管理與風險治理 以GMO/GMF 為例,許耀明,197-239,https://publication.iias.sinica.edu.tw/book/book05/book05ch06/files/assets/basic-html/index.html#1,html,,html_docs/64_07_許耀明_風險管理與風險治理_以GMO_GMF_為例/entry.html,html_text/64_07_許耀明_風險管理與風險治理_以GMO_GMF_為例.txt,,43,19467,
33,第 2 期,2008-03,法學期刊,,行政任務之變遷與「公私合營事業」之發展脈絡,劉淑範,1-108,https://publication.iias.sinica.edu.tw/journal/journal02/journal02ch01/files/assets/basic-html/index.html#1,html,,html_docs/33_01_劉淑範_行政任務之變遷與「公私合營事業」之發展脈絡/entry.html,html_text/33_01_劉淑範_行政任務之變遷與「公私合營事業」之發展脈絡.txt,,108,58096,
33,第 2 期,2008-03,法學期刊,,多元族群、國家認同與台灣的憲政改革,張嘉尹,109-166,https://publication.iias.sinica.edu.tw/journal/journal02/journal02ch02/files/assets/basic-html/index.html#1,html,,html_docs/33_02_張嘉尹_多元族群、國家認同與台灣的憲政改革/entry.html,html_text/33_02_張嘉尹_多元族群、國家認同與台灣的憲政改革.txt,,58,29358,
33,第 2 期,2008-03,法學期刊,,從「醫療」、「福利」到「權利」 身心障礙者權利保障之新發展,廖福特,167-210,https://publication.iias.sinica.edu.tw/journal/journal02/journal02ch03/files/assets/basic-html/index.html#1,html,,html_docs/33_03_廖福特_從「醫療」、「福利」到「權利」_身心障礙者權利保障之新發展/entry.html,html_text/33_03_廖福特_從「醫療」、「福利」到「權利」_身心障礙者權利保障之新發展.txt,,44,21574,
33,第 2 期,2008-03,法學期刊,,高深莫測，抑或亂中有序？ 論現任大法官在基本權利案件中的「審查基準」,廖元豪,211-274,https://publication.iias.sinica.edu.tw/journal/journal02/journal02ch04/files/assets/basic-html/index.html#1,html,,html_docs/33_04_廖元豪_高深莫測，抑或亂中有序？_論現任大法官在基本權利案件中的「審查基準」/entry.html,html_text/33_04_廖元豪_高深莫測，抑或亂中有序？_論現任大法官在基本權利案件中的「審查基準」.txt,,64,30495,
33,第 2 期,2008-03,法學期刊,,公法上無主義務之強制執行？ 評司法院大法官釋字第621號解釋,蔡宗珍,275-313,https://publication.iias.sinica.edu.tw/journal/journal02/journal02ch05/files/assets/basic-html/index.html#1,html,,html_docs/33_05_蔡宗珍_公法上無主義務之強制執行？_評司法院大法官釋字第621號解釋/entry.html,html_text/33_05_蔡宗珍_公法上無主義務之強制執行？_評司法院大法官釋字第621號解釋.txt,,39,18563,
33,第 2 期,2008-03,法學期刊,,風險、社區與人權保障 台灣關愛之家協會案之經濟分析,簡資修,315-340,https://publication.iias.sinica.edu.tw/journal/journal02/journal02ch06/files/assets/basic-html/index.html#1,html,,html_docs/33_06_簡資修_風險、社區與人權保障_台灣關愛之家協會案之經濟分析/entry.html,html_text/33_06_簡資修_風險、社區與人權保障_台灣關愛之家協會案之經濟分析.txt,,26,11659,
63,2006 行政管制與行政爭訟 法學專書系列之四,2007-10,法學專書,,出版序,湯德宗,i-iv,https://publication.iias.sinica.edu.tw/book/book04/book04ch00/files/assets/basic-html/index.html#1,html,,html_docs/63_01_湯德宗_出版序/entry.html,html_text/63_01_湯德宗_出版序.txt,,2,752,
63,2006 行政管制與行政爭訟 法學專書系列之四,2007-10,法學專書,,違法授益行政處分與信賴保護,陳淳文,1-45,https://publication.iias.sinica.edu.tw/book/book04/book04ch01/files/assets/basic-html/index.html#1,html,,html_docs/63_02_陳淳文_違法授益行政處分與信賴保護/entry.html,html_text/63_02_陳淳文_違法授益行政處分與信賴保護.txt,,46,22014,
63,2006 行政管制與行政爭訟 法學專書系列之四,2007-10,法學專書,,行政處分轉換與行政爭訟 兼評臺北高等行政法院91年度訴字第3480號判決暨最高行政法院94年度判字第257號判決,盛子龍,47-99,https://publication.iias.sinica.edu.tw/book/book04/book04ch02/files/assets/basic-html/index.html#1,html,,html_docs/63_03_盛子龍_行政處分轉換與行政爭訟_兼評臺北高等行政法院91年度訴字第3480號判決暨最高行政法院94年度判字第257號判決/entry.html,html_text/63_03_盛子龍_行政處分轉換與行政爭訟_兼評臺北高等行政法院91年度訴字第3480號判決暨最高行政法院94年度判字第257號判決.txt,,53,24811,
63,2006 行政管制與行政爭訟 法學專書系列之四,2007-10,法學專書,,釋義《土壤及地下水污染整治法》之污染行為人 闡析台鹼安順廠污染事件之整治責任及行政法院相關判決,李建良,101-158,https://publication.iias.sinica.edu.tw/book/book04/book04ch03/files/assets/basic-html/index.html#1,html,,html_docs/63_04_李建良_釋義《土壤及地下水污染整治法》之污染行為人_闡析台鹼安順廠污染事件之整治責任及行政法院相關判決/entry.html,html_text/63_04_李建良_釋義《土壤及地下水污染整治法》之污染行為人_闡析台鹼安順廠污染事件之整治責任及行政法院相關判決.txt,,60,31868,
63,2006 行政管制與行政爭訟 法學專書系列之四,2007-10,法學專書,,行政契約關係中其他行政機關之協力與行政救濟 以勞工住宅社區開發契約為中心,江嘉琪,159-187,https://publication.iias.sinica.edu.tw/book/book04/book04ch04/files/assets/basic-html/index.html#1,html,,html_docs/63_05_江嘉琪_行政契約關係中其他行政機關之協力與行政救濟_以勞工住宅社區開發契約為中心/entry.html,html_text/63_05_江嘉琪_行政契約關係中其他行政機關之協力與行政救濟_以勞工住宅社區開發契約為中心.txt,,29,15097,
63,2006 行政管制與行政爭訟 法學專書系列之四,2007-10,法學專書,,論行政機關管轄權之移轉 以其對行政作用法及行政爭訟法之影響為中心,詹鎮榮,189-247,https://publication.iias.sinica.edu.tw/book/book04/book04ch05/files/assets/basic-html/index.html#1,html,,html_docs/63_06_詹鎮榮_論行政機關管轄權之移轉_以其對行政作用法及行政爭訟法之影響為中心/entry.html,html_text/63_06_詹鎮榮_論行政機關管轄權之移轉_以其對行政作用法及行政爭訟法之影響為中心.txt,,59,27697,
63,2006 行政管制與行政爭訟 法學專書系列之四,2007-10,法學專書,,剖視國營事業污染行為的國家責任 以台鹼安順廠污染事件為中心,李建良,249-310,https://publication.iias.sinica.edu.tw/book/book04/book04ch06/files/assets/basic-html/index.html#1,html,,html_docs/63_07_李建良_剖視國營事業污染行為的國家責任_以台鹼安順廠污染事件為中心/entry.html,html_text/63_07_李建良_剖視國營事業污染行為的國家責任_以台鹼安順廠污染事件為中心.txt,,62,30664,
63,2006 行政管制與行政爭訟 法學專書系列之四,2007-10,法學專書,,行政判斷與司法審查 最高行政法院高速公路電子收費系統 (ETC) 案判決評論,黃錦堂,311-373,https://publication.iias.sinica.edu.tw/book/book04/book04ch07/files/assets/basic-html/index.html#1,html,,html_docs/63_08_黃錦堂_行政判斷與司法審查_最高行政法院高速公路電子收費系統_(ETC)_案判決評論/entry.html,html_text/63_08_黃錦堂_行政判斷與司法審查_最高行政法院高速公路電子收費系統_(ETC)_案判決評論.txt,,63,28847,
63,2006 行政管制與行政爭訟 法學專書系列之四,2007-10,法學專書,,資訊公開暨資訊隱私法案例研究（～2006/10）,湯德宗,375-445,https://publication.iias.sinica.edu.tw/book/book04/book04ch08/files/assets/basic-html/index.html#1,html,,html_docs/63_09_湯德宗_資訊公開暨資訊隱私法案例研究（～2006_10）/entry.html,html_text/63_09_湯德宗_資訊公開暨資訊隱私法案例研究（～2006_10）.txt,,73,38156,
32,第 1 期,2007-09,法學期刊,,發刊辭,湯德宗,i-v,https://publication.iias.sinica.edu.tw/journal/journal01/journal_0/files/assets/basic-html/index.html#1,html,,html_docs/32_01_湯德宗_發刊辭/entry.html,html_text/32_01_湯德宗_發刊辭.txt,,2,752,
32,第 1 期,2007-09,法學期刊,,數字會說話？ 從大法官釋字第584號解釋談事實認定在規範違憲審查中的地位,黃舒芃,1-43,https://publication.iias.sinica.edu.tw/journal/journal01/journal01ch01/files/assets/basic-html/index.html#1,html,,html_docs/32_02_黃舒芃_數字會說話？_從大法官釋字第584號解釋談事實認定在規範違憲審查中的地位/entry.html,html_text/32_02_黃舒芃_數字會說話？_從大法官釋字第584號解釋談事實認定在規範違憲審查中的地位.txt,,44,18935,
32,第 1 期,2007-09,法學期刊,,律師代理對民事訴訟結果之影響 理論分析與實證研究間之激盪,黃國昌,45-104,https://publication.iias.sinica.edu.tw/journal/journal01/journal01ch02/files/assets/basic-html/index.html#1,html,,html_docs/32_03_黃國昌_律師代理對民事訴訟結果之影響_理論分析與實證研究間之激盪/entry.html,html_text/32_03_黃國昌_律師代理對民事訴訟結果之影響_理論分析與實證研究間之激盪.txt,,61,29784,
32,第 1 期,2007-09,法學期刊,,清末及民國時代中國與西式法院的初次接觸 以法院制度及其設置為中心,王泰升,105-162,https://publication.iias.sinica.edu.tw/journal/journal01/journal01ch03/files/assets/basic-html/index.html#1,html,,html_docs/32_04_王泰升_清末及民國時代中國與西式法院的初次接觸_以法院制度及其設置為中心/entry.html,html_text/32_04_王泰升_清末及民國時代中國與西式法院的初次接觸_以法院制度及其設置為中心.txt,,59,30601,
32,第 1 期,2007-09,法學期刊,,不確定情境的經濟理性 以SARS危機下的個人行動為例,黃春興、方壯志,163-189,https://publication.iias.sinica.edu.tw/journal/journal01/journal01ch04/files/assets/basic-html/index.html#1,html,,html_docs/32_05_黃春興_方壯志_不確定情境的經濟理性_以SARS危機下的個人行動為例/entry.html,html_text/32_05_黃春興_方壯志_不確定情境的經濟理性_以SARS危機下的個人行動為例.txt,,27,12134,
32,第 1 期,2007-09,法學期刊,,故意侵權法的經濟分析 兼評Landes & Posner模型,簡資修,191-212,https://publication.iias.sinica.edu.tw/journal/journal01/journal01ch05/files/assets/basic-html/index.html#1,html,,html_docs/32_06_簡資修_故意侵權法的經濟分析_兼評Landes_Posner模型/entry.html,html_text/32_06_簡資修_故意侵權法的經濟分析_兼評Landes_Posner模型.txt,,22,9759,
32,第 1 期,2007-09,法學期刊,,公寓大廈決議規則之法律經濟分析,曾明遜、彭建文、林欣柔,213-251,https://publication.iias.sinica.edu.tw/journal/journal01/journal01ch06/files/assets/basic-html/index.html#1,html,,html_docs/32_07_曾明遜_彭建文_林欣柔_公寓大廈決議規則之法律經濟分析/entry.html,html_text/32_07_曾明遜_彭建文_林欣柔_公寓大廈決議規則之法律經濟分析.txt,,39,19049,
89,2006 兩岸四地法律發展(上冊) 法學叢書系列之一,2007-08,法學叢書,,出版序,,i-ix,https://publication.iias.sinica.edu.tw/books/books01/books01a/ch1u-0/files/assets/basic-html/index.html#1,html,,html_docs/89_01_untitled_出版序/entry.html,html_text/89_01_untitled_出版序.txt,,3,1082,
89,2006 兩岸四地法律發展(上冊) 法學叢書系列之一,2007-08,法學叢書,,論中華民國的違憲審查制度--回顧、檢討與展望,吳信華,3-39,https://publication.iias.sinica.edu.tw/books/books01/books01a/ch1u-1/files/assets/basic-html/index.html#1,html,,html_docs/89_02_吳信華_論中華民國的違憲審查制度--回顧、檢討與展望/entry.html,html_text/89_02_吳信華_論中華民國的違憲審查制度--回顧、檢討與展望.txt,,38,19887,
89,2006 兩岸四地法律發展(上冊) 法學叢書系列之一,2007-08,法學叢書,,評論文：對吳信華教授論文的評論,王振民,41-44,https://publication.iias.sinica.edu.tw/books/books01/books01a/ch1u-2/files/assets/basic-html/index.html#1,html,,html_docs/89_03_王振民_評論文：對吳信華教授論文的評論/entry.html,html_text/89_03_王振民_評論文：對吳信華教授論文的評論.txt,,4,1684,
89,2006 兩岸四地法律發展(上冊) 法學叢書系列之一,2007-08,法學叢書,,從憲法到憲政 中國大陸憲法審查制度的歷史、現狀與未來,張千帆、黃嶽,45-79,https://publication.iias.sinica.edu.tw/books/books01/books01a/ch1u-3/files/assets/basic-html/index.html#1,html,,html_docs/89_04_張千帆_黃嶽_從憲法到憲政_中國大陸憲法審查制度的歷史、現狀與未來/entry.html,html_text/89_04_張千帆_黃嶽_從憲法到憲政_中國大陸憲法審查制度的歷史、現狀與未來.txt,,35,15058,
89,2006 兩岸四地法律發展(上冊) 法學叢書系列之一,2007-08,法學叢書,,中國違憲審查制度的歷史演變、存在的問題和發展趨勢,莫紀宏,81-130,https://publication.iias.sinica.edu.tw/books/books01/books01a/ch1u-4/files/assets/basic-html/index.html#1,html,,html_docs/89_05_莫紀宏_中國違憲審查制度的歷史演變、存在的問題和發展趨勢/entry.html,html_text/89_05_莫紀宏_中國違憲審查制度的歷史演變、存在的問題和發展趨勢.txt,,51,27944,
89,2006 兩岸四地法律發展(上冊) 法學叢書系列之一,2007-08,法學叢書,,評論文：試論大陸確立違憲審查制度的途徑,湯德宗,131-141,https://publication.iias.sinica.edu.tw/books/books01/books01a/ch1u-5/files/assets/basic-html/index.html#1,html,,html_docs/89_06_湯德宗_評論文：試論大陸確立違憲審查制度的途徑/entry.html,html_text/89_06_湯德宗_評論文：試論大陸確立違憲審查制度的途徑.txt,,11,4945,
89,2006 兩岸四地法律發展(上冊) 法學叢書系列之一,2007-08,法學叢書,,香港的違憲審查制度,戴耀廷、楊曉楠,143-185,https://publication.iias.sinica.edu.tw/books/books01/books01a/ch1u-6/files/assets/basic-html/index.html#1,html,,html_docs/89_07_戴耀廷_楊曉楠_香港的違憲審查制度/entry.html,html_text/89_07_戴耀廷_楊曉楠_香港的違憲審查制度.txt,,43,19467,
89,2006 兩岸四地法律發展(上冊) 法學叢書系列之一,2007-08,法學叢書,,評論文：一國兩制下的違憲審查權--簡評〈香港的違憲審查制度〉一文,黃舒芃,187-190,https://publication.iias.sinica.edu.tw/books/books01/books01a/ch1u-7/files/assets/basic-html/index.html#1,html,,html_docs/89_08_黃舒芃_評論文：一國兩制下的違憲審查權--簡評〈香港的違憲審查制度〉一文/entry.html,html_text/89_08_黃舒芃_評論文：一國兩制下的違憲審查權--簡評〈香港的違憲審查制度〉一文.txt,,4,1684,
89,2006 兩岸四地法律發展(上冊) 法學叢書系列之一,2007-08,法學叢書,,論澳門法律制度中的司法審查,駱偉建,191-203,https://publication.iias.sinica.edu.tw/books/books01/books01a/ch1u-8/files/assets/basic-html/index.html#1,html,,html_docs/89_09_駱偉建_論澳門法律制度中的司法審查/entry.html,html_text/89_09_駱偉建_論澳門法律制度中的司法審查.txt,,13,5766,
89,2006 兩岸四地法律發展(上冊) 法學叢書系列之一,2007-08,法學叢書,,評論文：對駱偉建教授〈論澳門法律制度中的司法審查〉的評議,劉松山,205-211,https://publication.iias.sinica.edu.tw/books/books01/books01a/ch1u-9/files/assets/basic-html/index.html#1,html,,html_docs/89_10_劉松山_評論文：對駱偉建教授〈論澳門法律制度中的司法審查〉的評議/entry.html,html_text/89_10_劉松山_評論文：對駱偉建教授〈論澳門法律制度中的司法審查〉的評議.txt,,7,3553,
89,2006 兩岸四地法律發展(上冊) 法學叢書系列之一,2007-08,法學叢書,,論澳門基本法對澳門特別行政區法院管轄權的規定及其限制,王禹,215-253,https://publication.iias.sinica.edu.tw/books/books01/books01a/ch1u-10/files/assets/basic-html/index.html#1,html,,html_docs/89_11_王禹_論澳門基本法對澳門特別行政區法院管轄權的規定及其限制/entry.html,html_text/89_11_王禹_論澳門基本法對澳門特別行政區法院管轄權的規定及其限制.txt,,39,21722,
89,2006 兩岸四地法律發展(上冊) 法學叢書系列之一,2007-08,法學叢書,,評論文：對〈論澳門基本法對澳門特別行政區法院管轄權的規定及其限制〉的評議,林莉紅,255-257,https://publication.iias.sinica.edu.tw/books/books01/books01a/ch1u-11/files/assets/basic-html/index.html#1,html,,html_docs/89_12_林莉紅_評論文：對〈論澳門基本法對澳門特別行政區法院管轄權的規定及其限制〉的評議/entry.html,html_text/89_12_林莉紅_評論文：對〈論澳門基本法對澳門特別行政區法院管轄權的規定及其限制〉的評議.txt,,3,1865,
89,2006 兩岸四地法律發展(上冊) 法學叢書系列之一,2007-08,法學叢書,,台灣行政訴訟法制的沿革、演進與發展課題,李建良,259-323,https://publication.iias.sinica.edu.tw/books/books01/books01a/ch-a-12/files/assets/basic-html/index.html#1,html,,html_docs/89_13_李建良_台灣行政訴訟法制的沿革、演進與發展課題/entry.html,html_text/89_13_李建良_台灣行政訴訟法制的沿革、演進與發展課題.txt,,67,34833,
89,2006 兩岸四地法律發展(上冊) 法學叢書系列之一,2007-08,法學叢書,,評論文：評李建良教授的〈台灣行政訴訟法制的沿革、演進與發展課題〉—兼談大陸地區行政訴訟法之修改與完善,湛中樂,325-336,https://publication.iias.sinica.edu.tw/books/books01/books01a/ch1u-13/files/assets/basic-html/index.html#1,html,,html_docs/89_14_湛中樂_評論文：評李建良教授的〈台灣行政訴訟法制的沿革、演進與發展課題〉—兼談大陸地區行政訴訟法之修改與完善/entry.html,html_text/89_14_湛中樂_評論文：評李建良教授的〈台灣行政訴訟法制的沿革、演進與發展課題〉—兼談大陸地區行政訴訟法之修改與完善.txt,,13,7071,
89,2006 兩岸四地法律發展(上冊) 法學叢書系列之一,2007-08,法學叢書,,中國行政訴訟制度的沿革、現狀與展望,劉恒,337-348,https://publication.iias.sinica.edu.tw/books/books01/books01a/ch1u-14/files/assets/basic-html/index.html#1,html,,html_docs/89_15_劉恒_中國行政訴訟制度的沿革、現狀與展望/entry.html,html_text/89_15_劉恒_中國行政訴訟制度的沿革、現狀與展望.txt,,13,6114,
89,2006 兩岸四地法律發展(上冊) 法學叢書系列之一,2007-08,法學叢書,,大陸行政訴訟制度—沿革、現狀與展望,沈福俊,349-388,https://publication.iias.sinica.edu.tw/books/books01/books01a/ch1u-15/files/assets/basic-html/index.html#1,html,,html_docs/89_16_沈福俊_大陸行政訴訟制度—沿革、現狀與展望/entry.html,html_text/89_16_沈福俊_大陸行政訴訟制度—沿革、現狀與展望.txt,,41,20569,
89,2006 兩岸四地法律發展(上冊) 法學叢書系列之一,2007-08,法學叢書,,評論文：綜覽〈中國行政訴訟制度的沿革、現狀與展望〉及〈大陸行政訴訟制度--沿革、現狀與展望〉二文之若干心得感想,劉淑範,389-396,https://publication.iias.sinica.edu.tw/books/books01/books01a/ch1u-16/files/assets/basic-html/index.html#1,html,,html_docs/89_17_劉淑範_評論文：綜覽〈中國行政訴訟制度的沿革、現狀與展望〉及〈大陸行政訴訟制度--沿革、現狀與展望〉二文之若干心得感想/entry.html,html_text/89_17_劉淑範_評論文：綜覽〈中國行政訴訟制度的沿革、現狀與展望〉及〈大陸行政訴訟制度--沿革、現狀與展望〉二文之若干心得感想.txt,,8,5512,
89,2006 兩岸四地法律發展(上冊) 法學叢書系列之一,2007-08,法學叢書,,香港的行政訴訟制度,戴耀廷,397-464,https://publication.iias.sinica.edu.tw/books/books01/books01a/ch1u-17/files/assets/basic-html/index.html#1,html,,html_docs/89_18_戴耀廷_香港的行政訴訟制度/entry.html,html_text/89_18_戴耀廷_香港的行政訴訟制度.txt,,68,31192,
89,2006 兩岸四地法律發展(上冊) 法學叢書系列之一,2007-08,法學叢書,,評論文：讀戴耀廷教授〈香港的行政訴訟制度〉,何海波,465-473,,,,,,,,,
88,2006兩岸四地法律發展(下冊) 法學叢書系列之一,2007-08,法學叢書,,出版序,湯德宗,i-ix,https://publication.iias.sinica.edu.tw/books/books01/books01b/ch1d-0/files/assets/basic-html/index.html#1,html,,html_docs/88_01_湯德宗_出版序/entry.html,html_text/88_01_湯德宗_出版序.txt,,3,1082,
88,2006兩岸四地法律發展(下冊) 法學叢書系列之一,2007-08,法學叢書,,香港民事訴訟法改革發展述評,張憲初,3-38,https://publication.iias.sinica.edu.tw/books/books01/books01b/ch1d-1/files/assets/basic-html/index.html#1,html,,html_docs/88_02_張憲初_香港民事訴訟法改革發展述評/entry.html,html_text/88_02_張憲初_香港民事訴訟法改革發展述評.txt,,36,17084,
88,2006兩岸四地法律發展(下冊) 法學叢書系列之一,2007-08,法學叢書,,評論文：台灣與香港民事司法制度改革之簡單比較,許士宦,39-41,https://publication.iias.sinica.edu.tw/books/books01/books01b/ch1d-2/files/assets/basic-html/index.html#1,html,,html_docs/88_03_許士宦_評論文：台灣與香港民事司法制度改革之簡單比較/entry.html,html_text/88_03_許士宦_評論文：台灣與香港民事司法制度改革之簡單比較.txt,,3,1487,
88,2006兩岸四地法律發展(下冊) 法學叢書系列之一,2007-08,法學叢書,,澳門民事訴訟概述,馮文莊,43-110,https://publication.iias.sinica.edu.tw/books/books01/books01b/ch1d-3/files/assets/basic-html/index.html#1,html,,html_docs/88_04_馮文莊_澳門民事訴訟概述/entry.html,html_text/88_04_馮文莊_澳門民事訴訟概述.txt,,68,30775,
88,2006兩岸四地法律發展(下冊) 法學叢書系列之一,2007-08,法學叢書,,評論文：試評〈澳門民事訴訟概述〉,李漢昌,111-119,https://publication.iias.sinica.edu.tw/books/books01/books01b/ch1d-4/files/assets/basic-html/index.html#1,html,,html_docs/88_05_李漢昌_評論文：試評〈澳門民事訴訟概述〉/entry.html,html_text/88_05_李漢昌_評論文：試評〈澳門民事訴訟概述〉.txt,,9,3797,
88,2006兩岸四地法律發展(下冊) 法學叢書系列之一,2007-08,法學叢書,,台灣民事訴訟法之新開展 理論突破與立法革新軌跡之一考察,黃國昌,121-160,https://publication.iias.sinica.edu.tw/books/books01/books01b/ch1d-5/files/assets/basic-html/index.html#1,html,,html_docs/88_06_黃國昌_台灣民事訴訟法之新開展_理論突破與立法革新軌跡之一考察/entry.html,html_text/88_06_黃國昌_台灣民事訴訟法之新開展_理論突破與立法革新軌跡之一考察.txt,,40,18558,
88,2006兩岸四地法律發展(下冊) 法學叢書系列之一,2007-08,法學叢書,,評論文：對黃國昌先生論文的評議,王亞新,161-167,https://publication.iias.sinica.edu.tw/books/books01/books01b/ch1d-6/files/assets/basic-html/index.html#1,html,,html_docs/88_07_王亞新_評論文：對黃國昌先生論文的評議/entry.html,html_text/88_07_王亞新_評論文：對黃國昌先生論文的評議.txt,,7,2890,
88,2006兩岸四地法律發展(下冊) 法學叢書系列之一,2007-08,法學叢書,,大陸地區民事訴訟的沿革、改革與民事訴訟法的修正,張衛平,169-199,https://publication.iias.sinica.edu.tw/books/books01/books01b/ch1d-7/files/assets/basic-html/index.html#1,html,,html_docs/88_08_張衛平_大陸地區民事訴訟的沿革、改革與民事訴訟法的修正/entry.html,html_text/88_08_張衛平_大陸地區民事訴訟的沿革、改革與民事訴訟法的修正.txt,,31,16569,
88,2006兩岸四地法律發展(下冊) 法學叢書系列之一,2007-08,法學叢書,,大陸民事訴訟制度的過去、現在與未來,徐卉,201-229,https://publication.iias.sinica.edu.tw/books/books01/books01b/ch1d-8/files/assets/basic-html/index.html#1,html,,html_docs/88_09_徐卉_大陸民事訴訟制度的過去、現在與未來/entry.html,html_text/88_09_徐卉_大陸民事訴訟制度的過去、現在與未來.txt,,29,14365,
88,2006兩岸四地法律發展(下冊) 法學叢書系列之一,2007-08,法學叢書,,評論文：對張衛平教授與徐卉教授二文之評析,姜世明,231-236,https://publication.iias.sinica.edu.tw/books/books01/books01b/ch1d-9/files/assets/basic-html/index.html#1,html,,html_docs/88_10_姜世明_評論文：對張衛平教授與徐卉教授二文之評析/entry.html,html_text/88_10_姜世明_評論文：對張衛平教授與徐卉教授二文之評析.txt,,6,2705,
88,2006兩岸四地法律發展(下冊) 法學叢書系列之一,2007-08,法學叢書,,大陸刑事訴訟法 過去、現在與未來,熊秋紅,239-273,https://publication.iias.sinica.edu.tw/books/books01/books01b/ch1d-10/files/assets/basic-html/index.html#1,html,,html_docs/88_11_熊秋紅_大陸刑事訴訟法_過去、現在與未來/entry.html,html_text/88_11_熊秋紅_大陸刑事訴訟法_過去、現在與未來.txt,,35,15277,
88,2006兩岸四地法律發展(下冊) 法學叢書系列之一,2007-08,法學叢書,,傳承與發展 中國大陸刑事訴訟制度之沿革、現狀及演進,蔡杰、肖偉,275-306,https://publication.iias.sinica.edu.tw/books/books01/books01b/ch1d-11/files/assets/basic-html/index.html#1,html,,html_docs/88_12_蔡杰_肖偉_傳承與發展_中國大陸刑事訴訟制度之沿革、現狀及演進/entry.html,html_text/88_12_蔡杰_肖偉_傳承與發展_中國大陸刑事訴訟制度之沿革、現狀及演進.txt,,33,18089,
88,2006兩岸四地法律發展(下冊) 法學叢書系列之一,2007-08,法學叢書,,評論文：刑事訴訟法之理念與實踐,何賴傑,307-312,https://publication.iias.sinica.edu.tw/books/books01/books01b/ch1d-12/files/assets/basic-html/index.html#1,html,,html_docs/88_13_何賴傑_評論文：刑事訴訟法之理念與實踐/entry.html,html_text/88_13_何賴傑_評論文：刑事訴訟法之理念與實踐.txt,,6,2480,
88,2006兩岸四地法律發展(下冊) 法學叢書系列之一,2007-08,法學叢書,,香港的刑事訴訟制度 管轄、程序與原則,羅沛然,313-366,https://publication.iias.sinica.edu.tw/books/books01/books01b/ch1d-13/files/assets/basic-html/index.html#1,html,,html_docs/88_14_羅沛然_香港的刑事訴訟制度_管轄、程序與原則/entry.html,html_text/88_14_羅沛然_香港的刑事訴訟制度_管轄、程序與原則.txt,,54,24626,
88,2006兩岸四地法律發展(下冊) 法學叢書系列之一,2007-08,法學叢書,,評論文：相逢不話風月，晤對香港鏡前 羅沛然先生〈香港的刑事訴訟制度--管轄、程序與原則〉評論,張建偉,367-379,https://publication.iias.sinica.edu.tw/books/books01/books01b/ch1d-14/files/assets/basic-html/index.html#1,html,,html_docs/88_15_張建偉_評論文：相逢不話風月，晤對香港鏡前_羅沛然先生〈香港的刑事訴訟制度--管轄、程序與原則〉評論/entry.html,html_text/88_15_張建偉_評論文：相逢不話風月，晤對香港鏡前_羅沛然先生〈香港的刑事訴訟制度--管轄、程序與原則〉評論.txt,,13,5766,
88,2006兩岸四地法律發展(下冊) 法學叢書系列之一,2007-08,法學叢書,,澳門刑事訴訟中的審檢分立原則及法官的主動調查權,賴健雄,381-389,https://publication.iias.sinica.edu.tw/books/books01/books01b/ch1d-15/files/assets/basic-html/index.html#1,html,,html_docs/88_16_賴健雄_澳門刑事訴訟中的審檢分立原則及法官的主動調查權/entry.html,html_text/88_16_賴健雄_澳門刑事訴訟中的審檢分立原則及法官的主動調查權.txt,,9,4490,
88,2006兩岸四地法律發展(下冊) 法學叢書系列之一,2007-08,法學叢書,,評論文：評〈澳門刑事訴訟中的審檢分立原則及法官的主動調查權〉一文,黃朝義,391-399,https://publication.iias.sinica.edu.tw/books/books01/books01b/ch1d-16/files/assets/basic-html/index.html#1,html,,html_docs/88_17_黃朝義_評論文：評〈澳門刑事訴訟中的審檢分立原則及法官的主動調查權〉一文/entry.html,html_text/88_17_黃朝義_評論文：評〈澳門刑事訴訟中的審檢分立原則及法官的主動調查權〉一文.txt,,9,4805,
88,2006兩岸四地法律發展(下冊) 法學叢書系列之一,2007-08,法學叢書,,臺灣刑事訴訟法的重大變革,王兆鵬,401-426,https://publication.iias.sinica.edu.tw/books/books01/books01b/ch1d-17/files/assets/basic-html/index.html#1,html,,html_docs/88_18_王兆鵬_臺灣刑事訴訟法的重大變革/entry.html,html_text/88_18_王兆鵬_臺灣刑事訴訟法的重大變革.txt,,26,11989,
88,2006兩岸四地法律發展(下冊) 法學叢書系列之一,2007-08,法學叢書,,評論文：臨淵羨魚，卻不能退而結網--讀王兆鵬教授〈臺灣刑事訴訟法的重大變革〉有感,易延友,427-437,https://publication.iias.sinica.edu.tw/books/books01/books01b/ch1d-18/files/assets/basic-html/index.html#1,html,,html_docs/88_19_易延友_評論文：臨淵羨魚，卻不能退而結網--讀王兆鵬教授〈臺灣刑事訴訟法的重大變革〉有感/entry.html,html_text/88_19_易延友_評論文：臨淵羨魚，卻不能退而結網--讀王兆鵬教授〈臺灣刑事訴訟法的重大變革〉有感.txt,,11,4720,
62,憲法解釋之理論與實務 (第五輯) 法學專書系列之三,2007-03,法學專書,,出版序,湯德宗,i-ii,https://publication.iias.sinica.edu.tw/book/book03/book03ch00/files/assets/basic-html/index.html#1,html,,html_docs/62_01_湯德宗_出版序/entry.html,html_text/62_01_湯德宗_出版序.txt,,2,752,
62,憲法解釋之理論與實務 (第五輯) 法學專書系列之三,2007-03,法學專書,,主題演說,Richard D. Parker,KA1-KA17,https://publication.iias.sinica.edu.tw/book/book03/book03005/files/assets/basic-html/index.html#1,html,,html_docs/62_02_Richard_D._Parker_主題演說/entry.html,html_text/62_02_Richard_D._Parker_主題演說.txt,,17,6721,
62,憲法解釋之理論與實務 (第五輯) 法學專書系列之三,2007-03,法學專書,,開幕致詞,湯德宗,v-vi,https://publication.iias.sinica.edu.tw/book/book03/book03004/files/assets/basic-html/index.html#1,html,,html_docs/62_03_湯德宗_開幕致詞/entry.html,html_text/62_03_湯德宗_開幕致詞.txt,,2,773,
62,憲法解釋之理論與實務 (第五輯) 法學專書系列之三,2007-03,法學專書,,論當前的行憲政策與憲法解釋,黃錦堂,1-54,https://publication.iias.sinica.edu.tw/book/book03/book03ch01/files/assets/basic-html/index.html#1,html,,html_docs/62_04_黃錦堂_論當前的行憲政策與憲法解釋/entry.html,html_text/62_04_黃錦堂_論當前的行憲政策與憲法解釋.txt,,55,26451,
62,憲法解釋之理論與實務 (第五輯) 法學專書系列之三,2007-03,法學專書,,面對中華民國憲法 思索台灣憲改之路,李建良,55-98,https://publication.iias.sinica.edu.tw/book/book03/book03ch02/files/assets/basic-html/index.html#1,html,,html_docs/62_05_李建良_面對中華民國憲法_思索台灣憲改之路/entry.html,html_text/62_05_李建良_面對中華民國憲法_思索台灣憲改之路.txt,,44,19663,
62,憲法解釋之理論與實務 (第五輯) 法學專書系列之三,2007-03,法學專書,,中央政府體制改革的謎思與展望,陳淳文,99-174,https://publication.iias.sinica.edu.tw/book/book03/book03ch03/files/assets/basic-html/index.html#1,html,,html_docs/62_06_陳淳文_中央政府體制改革的謎思與展望/entry.html,html_text/62_06_陳淳文_中央政府體制改革的謎思與展望.txt,,79,38766,
62,憲法解釋之理論與實務 (第五輯) 法學專書系列之三,2007-03,法學專書,,創設國家人權機構 理想、類型與憲改,廖福特,175-224,https://publication.iias.sinica.edu.tw/book/book03/book03ch04/files/assets/basic-html/index.html#1,html,,html_docs/62_07_廖福特_創設國家人權機構_理想、類型與憲改/entry.html,html_text/62_07_廖福特_創設國家人權機構_理想、類型與憲改.txt,,50,22441,
62,憲法解釋之理論與實務 (第五輯) 法學專書系列之三,2007-03,法學專書,,對憲法平等權規定的檢討 由檢視司法院大法官相關解釋出發,陳愛娥,225-260,https://publication.iias.sinica.edu.tw/book/book03/book03ch05/files/assets/basic-html/index.html#1,html,,html_docs/62_08_陳愛娥_對憲法平等權規定的檢討_由檢視司法院大法官相關解釋出發/entry.html,html_text/62_08_陳愛娥_對憲法平等權規定的檢討_由檢視司法院大法官相關解釋出發.txt,,37,17115,
62,憲法解釋之理論與實務 (第五輯) 法學專書系列之三,2007-03,法學專書,,政府資訊公開請求權入憲之研究,湯德宗,1261-291,https://publication.iias.sinica.edu.tw/book/book03/book03ch06/files/assets/basic-html/index.html#1,html,,html_docs/62_09_湯德宗_政府資訊公開請求權入憲之研究/entry.html,html_text/62_09_湯德宗_政府資訊公開請求權入憲之研究.txt,,31,14814,
62,憲法解釋之理論與實務 (第五輯) 法學專書系列之三,2007-03,法學專書,,再論「補充解釋」,吳信華,293-340,https://publication.iias.sinica.edu.tw/book/book03/book03ch07/files/assets/basic-html/index.html#1,html,,html_docs/62_10_吳信華_再論「補充解釋」/entry.html,html_text/62_10_吳信華_再論「補充解釋」.txt,,50,22338,
31,創刊號,2007-03,法學期刊,,發刊詞,湯德宗,i-ii,,,,,,,,,
31,創刊號,2007-03,法學期刊,,我國憲法訴訟制度之展望,翁岳生,1-62,https://publication.iias.sinica.edu.tw/journal/journal00/journal00ch01/files/assets/basic-html/index.html#1,html,,html_docs/31_02_翁岳生_我國憲法訴訟制度之展望/entry.html,html_text/31_02_翁岳生_我國憲法訴訟制度之展望.txt,,63,29621,
31,創刊號,2007-03,法學期刊,,轉型正義與刑法正義,蘇俊雄,63-74,https://publication.iias.sinica.edu.tw/journal/journal00/journal00ch02/files/assets/basic-html/index.html#1,html,,html_docs/31_03_蘇俊雄_轉型正義與刑法正義/entry.html,html_text/31_03_蘇俊雄_轉型正義與刑法正義.txt,,12,4956,
31,創刊號,2007-03,法學期刊,,財產權利分配平等原則的憲法哲思 三種不同的權利理論與憲法釋例,朱敬一、李念祖,75-110,https://publication.iias.sinica.edu.tw/journal/journal00/journal00ch03/files/assets/basic-html/index.html#1,html,,html_docs/31_04_朱敬一_李念祖_財產權利分配平等原則的憲法哲思_三種不同的權利理論與憲法釋例/entry.html,html_text/31_04_朱敬一_李念祖_財產權利分配平等原則的憲法哲思_三種不同的權利理論與憲法釋例.txt,,37,18039,
31,創刊號,2007-03,法學期刊,,台灣的法律繼受經驗及其啟示,王泰升,111-135,https://publication.iias.sinica.edu.tw/journal/journal00/journal00ch04/files/assets/basic-html/index.html#1,html,,html_docs/31_05_王泰升_台灣的法律繼受經驗及其啟示/entry.html,html_text/31_05_王泰升_台灣的法律繼受經驗及其啟示.txt,,26,12154,
31,創刊號,2007-03,法學期刊,,臺灣與香港的憲政發展 兩個個案的比較與反思,陳弘毅,137-189,https://publication.iias.sinica.edu.tw/journal/journal00/journal00ch05/files/assets/basic-html/index.html#1,html,,html_docs/31_06_陳弘毅_臺灣與香港的憲政發展_兩個個案的比較與反思/entry.html,html_text/31_06_陳弘毅_臺灣與香港的憲政發展_兩個個案的比較與反思.txt,,54,24959,
31,創刊號,2007-03,法學期刊,,法治主義と行政法 日本における展開,塩野宏,191-215,https://publication.iias.sinica.edu.tw/journal/journal00/journal00ch06-1/files/assets/basic-html/index.html#1,html,,html_docs/31_07_塩野宏_法治主義と行政法_日本における展開/entry.html,html_text/31_07_塩野宏_法治主義と行政法_日本における展開.txt,,25,10866,
31,創刊號,2007-03,法學期刊,,譯文：法治主義與行政法於日本之展開,陳春生(譯)，翁岳生審閱,217-236,https://publication.iias.sinica.edu.tw/journal/journal00/journal00ch06-2/files/assets/basic-html/index.html#1,html,,html_docs/31_08_陳春生(_)_翁岳生審閱_譯文：法治主義與行政法於日本之展開/entry.html,html_text/31_08_陳春生(_)_翁岳生審閱_譯文：法治主義與行政法於日本之展開.txt,,20,9325,
31,創刊號,2007-03,法學期刊,,Foreigners' Fate in America's Courts Empirical Legal Research,Kevin M. Clermont & Theodore Eisenberg,237-274,https://publication.iias.sinica.edu.tw/journal/journal00/journal00ch07-1/files/assets/basic-html/index.html#1,html,,html_docs/31_09_Kevin_M._Clermont_Theodore_Eisenberg_Foreigners_Fate_in_America_s_Courts_Empirical_Legal_Research/entry.html,html_text/31_09_Kevin_M._Clermont_Theodore_Eisenberg_Foreigners_Fate_in_America_s_Courts_Empirical_Legal_Research.txt,,38,20203,
31,創刊號,2007-03,法學期刊,,導讀：外國人在美國法院之命運 以保證契約之繼承為重心,黃國昌,275-282,https://publication.iias.sinica.edu.tw/journal/journal00/journal00ch07-2/files/assets/basic-html/index.html#1,html,,html_docs/31_10_黃國昌_導讀：外國人在美國法院之命運_以保證契約之繼承為重心/entry.html,html_text/31_10_黃國昌_導讀：外國人在美國法院之命運_以保證契約之繼承為重心.txt,,8,3669,
31,創刊號,2007-03,法學期刊,,Le droit à une bonne administration 法律實證研究,Pierre Delvolvé,283-301,https://publication.iias.sinica.edu.tw/journal/journal00/journal00ch08-1/files/assets/basic-html/index.html#1,html,,html_docs/31_11_Pierre_Delvolvé_Le_droit_à_une_bonne_administration_法律實證研究/entry.html,html_text/31_11_Pierre_Delvolvé_Le_droit_à_une_bonne_administration_法律實證研究.txt,,19,8539,
31,創刊號,2007-03,法學期刊,,導讀：良善行政權,陳淳文,303-305,https://publication.iias.sinica.edu.tw/journal/journal00/journal00ch08-2/files/assets/basic-html/index.html#1,html,,html_docs/31_12_陳淳文_導讀：良善行政權/entry.html,html_text/31_12_陳淳文_導讀：良善行政權.txt,,3,1136,
31,創刊號,2007-03,法學期刊,,Menschenwürde als Verfassungsgarantie,Christian Starck,307-340,https://publication.iias.sinica.edu.tw/journal/journal00/journal00ch09-1/files/assets/basic-html/index.html#1,html,,html_docs/31_13_Christian_Starck_Menschenwürde_als_Verfassungsgarantie/entry.html,html_text/31_13_Christian_Starck_Menschenwürde_als_Verfassungsgarantie.txt,,34,16027,
31,創刊號,2007-03,法學期刊,,導讀：人性尊嚴作為憲法保障,李建良,341-347,https://publication.iias.sinica.edu.tw/journal/journal00/journal00ch09-2/files/assets/basic-html/index.html#1,html,,html_docs/31_14_李建良_導讀：人性尊嚴作為憲法保障/entry.html,html_text/31_14_李建良_導讀：人性尊嚴作為憲法保障.txt,,7,2839,
60,2005 行政管制與行政爭訟 法學專書系列之二,2006-12,法學專書,,編者序,湯德宗,iii-v,https://publication.iias.sinica.edu.tw/book/book02/book02ch00/files/assets/basic-html/index.html#1,html,,html_docs/60_01_湯德宗_編者序/entry.html,html_text/60_01_湯德宗_編者序.txt,,2,752,
60,2005 行政管制與行政爭訟 法學專書系列之二,2006-12,法學專書,,行政爭訟上停止執行之實體審查標準 以行政訴訟法第一百十六條第二項為中心,林明昕,1-39,https://publication.iias.sinica.edu.tw/book/book02/book02ch01/files/assets/basic-html/index.html#1,html,,html_docs/60_02_林明昕_行政爭訟上停止執行之實體審查標準_以行政訴訟法第一百十六條第二項為中心/entry.html,html_text/60_02_林明昕_行政爭訟上停止執行之實體審查標準_以行政訴訟法第一百十六條第二項為中心.txt,,39,19292,
60,2005 行政管制與行政爭訟 法學專書系列之二,2006-12,法學專書,,論行政訴訟之判斷基準時 兼評最高行政法院94 年度判字,林三欽,41-73,https://publication.iias.sinica.edu.tw/book/book02/book02ch02/files/assets/basic-html/index.html#1,html,,html_docs/60_03_林三欽_論行政訴訟之判斷基準時_兼評最高行政法院94_年度判字/entry.html,html_text/60_03_林三欽_論行政訴訟之判斷基準時_兼評最高行政法院94_年度判字.txt,,33,15191,
60,2005 行政管制與行政爭訟 法學專書系列之二,2006-12,法學專書,,行政法上義務繼受問題初探 兼評高雄高等行政法院九十二年度訴字,李建良,75-122,https://publication.iias.sinica.edu.tw/book/book02/book02ch03/files/assets/basic-html/index.html#1,html,,html_docs/60_04_李建良_行政法上義務繼受問題初探_兼評高雄高等行政法院九十二年度訴字/entry.html,html_text/60_04_李建良_行政法上義務繼受問題初探_兼評高雄高等行政法院九十二年度訴字.txt,,48,22703,
60,2005 行政管制與行政爭訟 法學專書系列之二,2006-12,法學專書,​​論資訊公開與卷宗閱覽 行政法院相關判決評釋,論資訊公開與卷宗閱覽行政法院相關判決評釋,湯德宗,123-164,https://publication.iias.sinica.edu.tw/book/book02/book02ch04/files/assets/basic-html/index.html#1,html,,html_docs/60_05_湯德宗_論資訊公開與卷宗閱覽行政法院相關判決評釋/entry.html,html_text/60_05_湯德宗_論資訊公開與卷宗閱覽行政法院相關判決評釋.txt,,43,19734,
59,憲法解釋之理論與實務 (第四輯) 法學專書系列之一,2005-05,法學專書,,編者序,湯德宗,iii-v,,,,,,,,,
59,憲法解釋之理論與實務 (第四輯) 法學專書系列之一,2005-05,法學專書,,社會變遷與憲法解釋,吳庚,1-7,https://publication.iias.sinica.edu.tw/book/book01/book01ch01/files/assets/basic-html/index.html#1,html,,html_docs/59_02_吳庚_社會變遷與憲法解釋/entry.html,html_text/59_02_吳庚_社會變遷與憲法解釋.txt,,7,2788,
59,憲法解釋之理論與實務 (第四輯) 法學專書系列之一,2005-05,法學專書,,社會福利之憲法保障 兼論相關憲法解釋,鍾秉正,9-67,https://publication.iias.sinica.edu.tw/book/book01/book01ch02/files/assets/basic-html/index.html#1,html,,html_docs/59_03_鍾秉正_社會福利之憲法保障_兼論相關憲法解釋/entry.html,html_text/59_03_鍾秉正_社會福利之憲法保障_兼論相關憲法解釋.txt,,60,27440,
59,憲法解釋之理論與實務 (第四輯) 法學專書系列之一,2005-05,法學專書,,大法官解釋與全民健保 以大法官會議與立法院兩種合法性差異,陳孝平,69-114,https://publication.iias.sinica.edu.tw/book/book01/book01ch03/files/assets/basic-html/index.html#1,html,,html_docs/59_04_陳孝平_大法官解釋與全民健保_以大法官會議與立法院兩種合法性差異/entry.html,html_text/59_04_陳孝平_大法官解釋與全民健保_以大法官會議與立法院兩種合法性差異.txt,,46,21159,
59,憲法解釋之理論與實務 (第四輯) 法學專書系列之一,2005-05,法學專書,,財經改革與憲法制約 以獨立董事、金融接管與金融併購,劉紹樑,115-182,https://publication.iias.sinica.edu.tw/book/book01/book01ch04/files/assets/basic-html/index.html#1,html,,html_docs/59_05_劉紹樑_財經改革與憲法制約_以獨立董事、金融接管與金融併購/entry.html,html_text/59_05_劉紹樑_財經改革與憲法制約_以獨立董事、金融接管與金融併購.txt,,69,31661,
59,憲法解釋之理論與實務 (第四輯) 法學專書系列之一,2005-05,法學專書,,結社自由與犯罪組織 試評司法院釋字第五五六號解釋,法治斌 林超駿,183-231,https://publication.iias.sinica.edu.tw/book/book01/book01ch05/files/assets/basic-html/index.html#1,html,,html_docs/59_06_法治斌_林超駿_結社自由與犯罪組織_試評司法院釋字第五五六號解釋/entry.html,html_text/59_06_法治斌_林超駿_結社自由與犯罪組織_試評司法院釋字第五五六號解釋.txt,,49,22281,
59,憲法解釋之理論與實務 (第四輯) 法學專書系列之一,2005-05,法學專書,,從釋字五○九號解釋論「陳述不實」 兼論社會變遷中言論自由憲法解釋對刑,李念祖,233-290,https://publication.iias.sinica.edu.tw/book/book01/book01ch06/files/assets/basic-html/index.html#1,html,,html_docs/59_07_李念祖_從釋字五○九號解釋論「陳述不實」_兼論社會變遷中言論自由憲法解釋對刑/entry.html,html_text/59_07_李念祖_從釋字五○九號解釋論「陳述不實」_兼論社會變遷中言論自由憲法解釋對刑.txt,,59,34231,
59,憲法解釋之理論與實務 (第四輯) 法學專書系列之一,2005-05,法學專書,,「公法人」基本權利能力之問題初探 試解基本權利「本質」之一道難題,李建良 劉淑範,291-410,https://publication.iias.sinica.edu.tw/book/book01/book01ch07/files/assets/basic-html/index.html#1,html,,html_docs/59_08_李建良_劉淑範_「公法人」基本權利能力之問題初探_試解基本權利「本質」之一道難題/entry.html,html_text/59_08_李建良_劉淑範_「公法人」基本權利能力之問題初探_試解基本權利「本質」之一道難題.txt,,122,62314,
59,憲法解釋之理論與實務 (第四輯) 法學專書系列之一,2005-05,法學專書,,邁向憲政主義 憲政體制的變遷與解釋,張文貞 葉俊榮,411-460,https://publication.iias.sinica.edu.tw/book/book01/book01ch08/files/assets/basic-html/index.html#1,html,,html_docs/59_09_張文貞_葉俊榮_邁向憲政主義_憲政體制的變遷與解釋/entry.html,html_text/59_09_張文貞_葉俊榮_邁向憲政主義_憲政體制的變遷與解釋.txt,,50,21823,
59,憲法解釋之理論與實務 (第四輯) 法學專書系列之一,2005-05,法學專書,,司法與政治 我國違憲審查權的政治限制,任冀平 謝秉憲,461-521,https://publication.iias.sinica.edu.tw/book/book01/book01ch09/files/assets/basic-html/index.html#1,html,,html_docs/59_10_任冀平_謝秉憲_司法與政治_我國違憲審查權的政治限制/entry.html,html_text/59_10_任冀平_謝秉憲_司法與政治_我國違憲審查權的政治限制.txt,,62,31807,
59,憲法解釋之理論與實務 (第四輯) 法學專書系列之一,2005-05,法學專書,,論違憲審查制度的改進 由「多元多軌」到「一元單軌」的改制,湯德宗 吳信華 陳淳文,523-592,https://publication.iias.sinica.edu.tw/book/book01/book01ch10/files/assets/basic-html/index.html#1,html,,html_docs/59_11_湯德宗_吳信華_陳淳文_論違憲審查制度的改進_由「多元多軌」到「一元單軌」的改制/entry.html,html_text/59_11_湯德宗_吳信華_陳淳文_論違憲審查制度的改進_由「多元多軌」到「一元單軌」的改制.txt,,77,44362,
